Name,ContentEn,ContentFr,ContentNl,FAQ,Format,Language,Roles,Tags,TitleEn,TitleFr,TitleNl,UniekeId
sim-faq-01-gemeente,"Location is the strongest factor in our system. On average, cars in Ghent are shared 34% more than outside the city.","L’emplacement est le facteur le plus important dans notre système. À Gand, les voitures sont en moyenne partagées 34 % plus qu’ailleurs.",Locatie is de sterkste factor in ons systeem. Wagens in Gent worden gemiddeld 34% meer gedeeld dan daarbuiten.,Yes,text,,"public, user",simulation_step_1,Why do you ask for my municipality?,Pourquoi demandez-vous ma commune ?,Waarom vragen jullie mijn gemeente?,
sim-faq-02-wagentype,Please contact us via the contact form. We regularly add new types.,Contactez-nous via le formulaire de contact. Nous ajoutons régulièrement de nouveaux types.,Neem contact op via het contactformulier. We voegen regelmatig nieuwe types toe.,Yes,text,,"public, user",simulation_step_1,What if my car type is not listed?,Et si mon type de voiture n’est pas dans la liste ?,Wat als mijn wagentype er niet bij staat?,
sim-faq-03-tarief,"Category A applies to most passenger cars. Category B is for 7-seaters, larger vehicles and vans because running costs are higher.","La catégorie A s’applique à la plupart des voitures particulières. La catégorie B concerne les 7 places, les véhicules plus grands et les utilitaires, en raison de coûts d’usage plus élevés.","Categorie A geldt voor de meeste personenwagens. Categorie B is voor 7-zitters, grotere voertuigen en bestelwagens wegens hogere gebruikskosten.",Yes,text,,"public, user",simulation_step_2_approved,What is the difference between category A and category B?,Quelle est la différence entre la catégorie A et la catégorie B ?,Wat is het verschil tussen categorie A en categorie B?,
sim-faq-04-definitief,Not yet. Final admission only happens after an info session and a check by a Dégage staff member.,Pas encore. L’admission définitive n’a lieu qu’après une séance d’information et un contrôle par un collaborateur Dégage.,Nog niet. De definitieve toelating gebeurt pas na een infosessie én controle door een Dégage-medewerker.,Yes,text,,"public, user",simulation_step_2_approved,Is this result final?,Ce résultat est-il définitif ?,Is dit resultaat definitief?,
sim-faq-05-geschatte-waarde,"Based on make, model, year of manufacture and mileage. It is fixed when you join.","Sur la base de la marque, du modèle, de l’année de construction et du kilométrage. Elle est fixée à l’entrée.","Op basis van merk, model, bouwjaar en kilometerstand. Ze wordt vastgelegd bij instap.",Yes,text,,"public, user",simulation_step_2_approved,How is the estimated value determined?,Comment la valeur estimée est-elle déterminée ?,Hoe wordt de geschatte waarde bepaald?,
sim-faq-06-afschrijving,This is the amount by which your car’s value is written down per shared kilometre. It is settled in your quarterly statement.,C’est le montant dont la valeur de votre voiture est amortie par kilomètre partagé. Il est intégré à votre facturation trimestrielle.,Dit is het bedrag waarmee de waarde van je wagen afgeschreven wordt per gedeelde kilometer. Het wordt verrekend in je kwartaalafrekening.,Yes,text,,"public, user",simulation_step_2_approved,What does depreciation per km mean?,Que signifie l’amortissement par km ?,Wat betekent de afschrijving per km?,
sim-faq-07-afgekeurd,"The simulation checks age, mileage, eco score and cost per km. If the combination is above our threshold, the car is too expensive to share profitably.","La simulation vérifie l’âge, le kilométrage, l’écoscore et le coût par km. Si la combinaison dépasse notre seuil, la voiture est trop chère pour être partagée de façon rentable.","De simulatie toetst op leeftijd, kilometerstand, ecoscore en kostprijs per km. Als de combinatie boven onze drempel komt, is de wagen te duur om rendabel te delen.",Yes,text,,"public, user",simulation_step_2_rejected,Why was my car rejected?,Pourquoi ma voiture a-t-elle été refusée ?,Waarom werd mijn wagen afgekeurd?,
sim-faq-08-opnieuw,Yes — click ‘New simulation’ above.,Oui — cliquez sur « Nouvelle simulation » ci-dessus.,"Ja, klik op 'Nieuwe simulatie' hierboven.",Yes,text,,"public, user",simulation_step_2_rejected,Can I run the simulation again?,Puis-je refaire la simulation ?,Kan ik opnieuw simuleren?,
sim-faq-09-in-behandeling,Your car is just outside our automated criteria. A staff member will review your application personally.,Votre voiture se situe juste en dehors de nos critères automatisés. Un collaborateur examine votre demande personnellement.,Je wagen valt net buiten de geautomatiseerde criteria. Een medewerker bekijkt je aanvraag persoonlijk.,Yes,text,,"public, user",simulation_step_2_review,What does ‘under review’ mean?,Que signifie « en cours d’examen » ?,Wat betekent 'in behandeling'?,
sim-faq-17-opnieuw-review,Yes — click ‘New simulation’ above.,Oui — cliquez sur « Nouvelle simulation » ci-dessus.,"Ja, klik op 'Nieuwe simulatie' hierboven.",Yes,text,,"public, user",simulation_step_2_review,Can I run the simulation again?,Puis-je refaire la simulation ?,Kan ik opnieuw simuleren?,
sim-faq-10-afrekening,Dégage settles every quarter. You receive compensation per shared kilometre.,Dégage règle les comptes chaque trimestre. Vous recevez une indemnité par kilomètre partagé.,Dégage rekent elk kwartaal af. Je ontvangt een vergoeding per gedeelde kilometer.,Yes,text,,"public, user",simulation_step_3,How does the owner settlement work?,Comment fonctionne la facturation propriétaire ?,Hoe werkt de eigenaarsafrekening?,
sim-faq-11-verzekering,The policy through Ethias covers all members who drive your car — broader cover than a personal insurance policy.,La police via Ethias couvre tous les membres qui conduisent votre voiture — une couverture plus large qu’une assurance personnelle.,De polis via Ethias dekt alle leden die met jouw wagen rijden — bredere dekking dan een persoonlijke verzekering.,Yes,text,,"public, user",simulation_step_3,Why is Dégage insurance more expensive?,Pourquoi l’assurance Dégage est-elle plus chère ?,Waarom is de Dégage-verzekering duurder?,
sim-faq-12-beschikbaar,Then less of your car costs are earned back. There is no minimum.,Alors une plus petite part de vos coûts auto est récupérée. Il n’y a pas de minimum.,Dan worden je autokosten minder terugverdiend. Er is geen minimum.,Yes,text,,"public, user",simulation_step_3,What if I offer little availability?,Et si je mets peu de disponibilité ?,Wat als ik weinig beschikbaar stel?,
sim-faq-13-helft-km,Yes — analysis of 883 cars shows that on average about 50% of all kilometres driven are driven by neighbours.,Oui — l’analyse de 883 voitures montre qu’en moyenne environ 50 % de tous les km parcourus le sont par des voisins.,Ja — uit analyse van 883 auto's blijkt dat gemiddeld ~50% van alle gereden km door buurtbewoners wordt gereden.,Yes,text,,"public, user",simulation_step_3,Is it true that half of all km are shared?,Est-il vrai que la moitié des km sont partagées ?,Klopt het dat de helft van alle km gedeeld is?,
sim-faq-14-infosessie,"The owners’ info session explains how Dégage works in practice: bookings, key handover, billing, and what you can expect as an owner.","La séance d’information propriétaires explique comment Dégage fonctionne en pratique : réservations, gestion des clés, facturation, et ce à quoi vous pouvez vous attendre en tant que propriétaire.","De eigenaars-infosessie legt uit hoe Dégage werkt in de praktijk: reserveringen, sleutelbeheer, afrekening, en wat je kunt verwachten als eigenaar.",Yes,text,,"public, user",simulation_step_4,What happens during the info session?,Que se passe-t-il pendant la séance d’information ?,Wat gebeurt er tijdens de infosessie?,
sim-faq-15-documenten,"Vehicle registration certificate, proof of registration and a copy of your ID card. Dégage will contact you with the full list.","Certificat d’immatriculation, preuve d’enregistrement et copie de votre carte d’identité. Dégage vous contactera avec la liste complète.","Kentekenbewijs, bewijs van inschrijving en een kopie van je identiteitskaart. Dégage contacteert je met de volledige lijst.",Yes,text,,"public, user",simulation_step_4,Which documents do I need?,De quels documents ai-je besoin ?,Welke documenten heb ik nodig?,
sim-faq-16-instap,On average 2 to 4 weeks between simulation and activation.,En moyenne 2 à 4 semaines entre la simulation et l’activation.,Gemiddeld 2 tot 4 weken tussen simulatie en activatie.,Yes,text,,"public, user",simulation_step_4,How long does onboarding take?,Combien de temps dure le processus d’intégration ?,Hoe lang duurt het instapproces?,
faq-40-15-tips-aan-eigenaars-om-reservaties-vlot-te-beheren,"Does your agenda sometimes drift in all directions? Do you use your car irregularly? These tips can help you manage your car smoothly:

  Reserve your own car as soon as you know you will need it.

  Describe your preferences sufficiently in the car sheet. Don't want to take the car to the container park? Write this in your sheet.

  For recurring activities, there is a button on the welcome screen of degapp (browser version). This way you can make a recurring reservation.

  Don't know where you'll be in two months? In Degapp you can set the time until future reservations.

  Did you know that you will be traveling without a car in a few months? Open your car.

  Easter holidays are coming, but your planning has not yet been made? Block the entire period, and release it when you have more insight into your own car use.

  Actually, you can't be without your car for long? In Degapp you can set a maximum duration of a reservation.

  Approve requested reservations quickly (within 48 hours). This way, the borrower can quickly relax and you can maintain an overview in a timely manner

  Don't like last-minute requests? You can set the minimum duration, up to a maximum of 48 hours.

  Oops! I need a car, but someone already reserved mine. No problem, Dégage has a whole fleet available. As an owner you can also use all other cars. Canceling approved reservations is not possible, because this would cause difficulties for the borrower.

  Difficult to always schedule a key appointment? A key safe can be a solution and can be included in the car costs. Or maybe you can leave a spare key with the retired, chatty neighbor? Read here what we think about key safes.

As a car owner you are sometimes confronted with unforeseen circumstances. 

  These are super hectic times. You don't know where your head is. Requests and appointments for your car are just that little bit too much. Then reserve your car for yourself for a while. This way you won't be overwhelmed by requests to which you cannot give a positive answer. In this way, many refusals and therefore disappointments are avoided. If your car will not be available for more than 3 months, please let Dégage know.

  Is your car still readily available, but are you unable to track it yourself for a while? Maybe you could consider a car sitter? The car sitter can temporarily take care of the requests.

  Is your car unavailable due to maintenance or repairs? Then block your car while it is being repaired. Was your car already reserved for that period? Notify the borrowers or request help via info@degage.be

  Are you experiencing problems with one specific borrower? Report this to Dégage, instead of systematically continuing to refuse this person. This way we can enter into dialogue and find a solutionNice tips, but how can I get started with this in degapp? We occasionally organize information sessions for owners only. You will learn how to tailor degapp to your needs and it is a forum to post all your ideas and questions regarding degapp. We communicate the data in a timely manner via degapp and our newsletter or ask for it via info@degage.be.","Votre agenda dérive parfois dans tous les sens ? Utilisez-vous votre voiture de manière irrégulière ? Ces conseils peuvent vous aider à gérer votre voiture en douceur :

  Réservez votre propre voiture dès que vous savez que vous en aurez besoin.

  Décrivez suffisamment vos préférences dans la fiche de la voiture. Vous ne voulez pas emmener la voiture au parc à conteneurs ? Écrivez ceci sur votre feuille.

  Pour les activités récurrentes, il y a un bouton sur l'écran d'accueil de degapp (version navigateur). De cette façon, vous pouvez faire une réservation récurrente.

  Vous ne savez pas où vous serez dans deux mois ? Dans Degapp, vous pouvez régler l'heure jusqu'aux futures réservations.

  Saviez-vous que vous voyagerez sans voiture dans quelques mois ? Ouvrez votre voiture.

  Les vacances de Pâques approchent mais votre planning n'est pas encore fait ? Bloquez toute la période et libérez-la lorsque vous aurez une meilleure idée de votre propre utilisation de la voiture.

  En fait, vous ne pouvez pas rester longtemps sans votre voiture ? Dans Degapp, vous pouvez définir une durée maximale d'une réservation.

  Approuvez rapidement les réservations demandées (sous 48 heures). De cette façon, l'emprunteur peut se détendre rapidement et vous gardez une vue d'ensemble en temps opportun.

  Vous n'aimez pas les demandes de dernière minute ? Vous pouvez définir la durée minimale, jusqu'à un maximum de 48 heures.

  Oups ! J'ai besoin d'une voiture, mais quelqu'un a déjà réservé la mienne. Pas de problème, Dégage dispose de toute une flotte. En tant que propriétaire, vous pouvez également utiliser toutes les autres voitures. L'annulation des réservations approuvées n'est pas possible, car cela entraînerait des difficultés pour l'emprunteur.

  Difficile de toujours planifier un rendez-vous clé ? Un coffre-fort à clés peut être une solution et peut être inclus dans les frais de voiture. Ou peut-être pouvez-vous laisser une clé de rechange au voisin retraité et bavard ? Lisez ici ce que nous pensons des coffres-forts à clés.

En tant que propriétaire d'une voiture, vous êtes parfois confronté à des circonstances imprévues. 

  Ce sont des moments très mouvementés. Vous ne savez pas où est votre tête. Les demandes et les rendez-vous pour votre voiture sont un peu trop nombreux. Alors réservez votre voiture pour vous pendant un moment. De cette façon, vous ne serez pas submergé de demandes auxquelles vous ne pourrez pas répondre positivement. De cette manière, de nombreux refus et donc déceptions sont évités. Si votre voiture n'est pas disponible pendant plus de 3 mois, merci d'en informer Dégage.

  Votre voiture est toujours disponible, mais vous ne parvenez pas à la suivre vous-même pendant un certain temps ? Peut-être pourriez-vous envisager de faire appel à un gardien de voiture ? Le car sitter peut temporairement s'occuper des demandes.

  Votre voiture est indisponible pour cause d'entretien ou de réparation ? Bloquez ensuite votre voiture pendant sa réparation. Votre voiture était-elle déjà réservée pour cette période ? Informer les emprunteurs ou demander de l'aide via info@degage.be

  Rencontrez-vous des problèmes avec un emprunteur en particulier ? Signalez-le à Dégage, au lieu de continuer systématiquement à refuser cette personne. De cette façon, nous pouvons entrer en dialogue et trouver une solutionBons conseils, mais comment puis-je commencer avec cela dans degapp ? Nous organisons occasionnellement des séances d'information réservées aux propriétaires. Vous apprendrez comment adapter degapp à vos besoins et c'est un forum pour publier toutes vos idées et questions concernant degapp. Nous communiquons les données en temps opportun via degapp et notre newsletter ou les demandons via info@degage.be.","Schiet jouw agenda soms ook alle kanten uit? Gebruik je je auto onregelmatig? Deze tips kunnen helpen om jouw auto vlot te beheren:

  Reserveer je eigen auto zodra je weet dat je hem nodig zal hebben.

  Omschrijf je voorkeuren voldoende in de autofiche. Wil je de auto niet naar het containerpark? Schrijf dit in je fiche.

  Voor terugkerende activiteiten is er een knop op het welkomstscherm van degapp (browserversie). Zo kun je een terugkerende reservatie maken.

  Weet je niet waar jij uithangt over twee maand? In Degapp kan je de tijd tot toekomstige reservaties instellen.

  Weet je juist wel dat je binnen enkele maanden zonder auto op reis gaat? Stel je auto open.

  Paasvakantie komt eraan, maar jouw planning is nog niet gemaakt? Blokkeer de hele periode, en geef vrij wanneer je meer zicht hebt op je eigen autogebruik.

  Eigenlijk kan je je auto niet lang missen? In Degapp kan je een maximale duurtijd van een reservatie instellen.

  Keur aangevraagde reservaties snel goed (binnen 48 uur). Zo is de lener snel gerust, en behoud jij tijdig het overzicht

  Hou je niet van last-minute aanvragen? Je kan de minimale duur instellen, tot een maximum van 48 uur.

  Oeps! Ik heb een auto nodig, maar iemand reserveerde de mijne al. Geen probleem, Dégage heeft een hele vloot ter beschikking. Als eigenaar kan je alle andere auto’s ook gebruiken. Goedgekeurde reservaties annuleren kan niet, omdat je daarmee de ontlener in moeilijkheden brengt.

  Moeilijk om steeds een sleutelafspraak te plannen? Een sleutelkluisje kan een oplossing zijn en kan ingebracht worden in de autokosten. Of misschien kan je een reservesleutel bij de gepensioneerde babbelgrage buurvrouw achterlaten? Lees hier hoe wij denken over sleutelkluisjes.

Als auto-eigenaar word je soms geconfronteerd met onvoorziene omstandigheden. 

  Het zijn superhectische tijden. Je weet niet waar je hoofd staat. Aanvragen en afspraken voor je wagen zijn net dat tikkeltje te veel. Zet je auto dan eventjes voor een tijdje gereserveerd voor jezelf. Zo word je niet overstelpt door aanvragen waar je geen positief antwoord op kan geven. Zo worden heel wat weigeringen en bijgevolg teleurstellingen vermeden. Indien je auto voor langer dan 3 maanden niet beschikbaar zal zijn, geef dat wel even een seintje aan Dégage.

  Is je auto echter nog vlot beschikbaar, maar kan je het zelf voor een tijd niet opvolgen? Misschien kan je een autositter overwegen? De autositter kan de aanvragen tijdelijk voor zijn/haar rekening nemen.

  Is je auto niet beschikbaar wegens onderhoud of herstelling? Blokkeer dan je auto zolang hij in herstelling zit. Was je auto al gereserveerd voor die periode? Verwittig de ontleners of vraag hierbij hulp via info@degage.be

  Ondervind je problemen met één specifieke ontlener? Meld dit bij Dégage, in plaats van systematisch deze persoon te blijven weigeren. Zo kunnen we in dialoog gaan en een oplossing zoeken

Leuke tips, maar hoe kan ik hiermee aan de slag in degapp? We organiseren af en toe infosessies enkel voor eigenaars. Je leert er hoe je degapp op jouw maat kunt instellen en het is een forum om al jouw ideeën en vragen m.b.t. degapp af te vuren. We communiceren de data tijdig via degapp en onze nieuwsbrief of vraag ernaar via info@degage.be.",Yes,text,,public,,15 tips for owners to manage reservations smoothly,15 conseils aux propriétaires pour gérer les réservations en douceur,15 tips aan eigenaars om reservaties vlot te beheren,
faq-9-mag-ik-als-autoeigenaar-reservaties-weigeren,"The basic agreement is to reserve your own rides (or times when you do not want to lend your car): in this way your car is not available to borrowers in Degapp and cannot be reserved. This way no one is left disappointed. 

Refusal is possible under certain conditions (see special reservations), but we really ask that you limit this. Dégage runs on the fact that “free cars” are in principle available in the system. We also ask that you respond to requests as quickly as possible. You will have 48 hours to do this. Please know that the borrower can only reserve one car for a certain period and that he will wait for your response. If they refuse, they must apply again for another car. So do not make this reservation process unnecessarily long.

Special reservations that the borrower makes in mutual consultation (or that you can possibly refuse):

  last minute (reservations in the distant future

  longer ride (3 days or more)

  learn to drive a car (L)

  container park

  use of tow bar

  abroad

  systematic use

  transport animals

Would you rather not accept an application for the above or other reasons? Then clearly explain to the borrower why you refuse. If you do not want to accept special reservations, be sure to check [our tips to manage your reservations smoothly] so that refusals become the exception (https://degapp.be/faq/search?id=40)!","L'accord de base est de réserver vos propres trajets (ou les moments où vous ne souhaitez pas prêter votre voiture) : de cette manière, votre voiture n'est pas disponible pour les emprunteurs à Degapp et ne peut pas être réservée. De cette façon, personne n’est déçu. 

Un refus est possible sous certaines conditions (voir réserves particulières), mais nous vous demandons vivement de le limiter. Dégage part du principe que des « voitures gratuites » sont en principe disponibles dans le système. Nous vous demandons également de répondre aux demandes le plus rapidement possible. Vous disposerez de 48 heures pour le faire. Sachez que l'emprunteur ne peut réserver qu'une seule voiture pour une certaine période et qu'il attendra votre réponse. S'ils refusent, ils doivent demander à nouveau une autre voiture. Ne prolongez donc pas inutilement ce processus de réservation.

Réserves particulières que l'emprunteur formule en concertation (ou que vous pouvez éventuellement refuser) :

  dernière minute (réservations dans un futur lointain

  trajet plus long (3 jours ou plus)

  learn to drive a car (L)

  parc à conteneurs

  use of tow bar

  à l'étranger

  systematic use

  transport animals

Préféreriez-vous ne pas accepter une candidature pour les raisons ci-dessus ou pour d’autres raisons ? Expliquez ensuite clairement à l’emprunteur pourquoi vous refusez. Si vous ne souhaitez pas accepter de réservations particulières, pensez à consulter [nos conseils pour gérer vos réservations en douceur] afin que les refus deviennent l'exception (https://degapp.be/faq/search?id=40) !","De basisafspraak is om je eigen ritten (of momenten dat je je wagen niet wil uitlenen) zelf te reserveren: op die manier is je auto niet beschikbaar voor ontleners in Degapp en kan hij niet worden gereserveerd. Op die manier blijft niemand ontgoocheld achter. 

Weigeren kan onder bepaalde voorwaarden (zie bijzondere reservaties), maar we vragen echt om dit te beperken. Dégage draait op het feit dat “vrije auto’s” in het systeem in principe beschikbaar zijn. Ook vragen we zo vlug mogelijk te reageren op de aanvragen. Je krijgt hiervoor 48 uur de tijd. Weet dat de ontlener slechts één auto kan reserveren voor een bepaalde periode en dat hij wacht op jouw reactie. Bij weigeren moet die opnieuw een aanvraag doen bij een andere auto. Maak dit reservatieproces dus niet onnodig lang.

Bijzondere reservaties die de ontlener in onderling overleg doet (of die je eventueel kan weigeren):

  last minute (reservaties in de verre toekomst

  langere rit (3 dagen of meer)

  leren auto rijden (L)

  containerpark

  gebruik van trekhaak

  buitenland

  systematisch gebruik

  dieren vervoeren

Aanvaard je om bovenstaande of andere reden een aanvraag liever niet? Beargumenteer dan duidelijk naar de ontlener toe waarom je weigert. Wil je geen bijzondere reservaties aanvaarden, check zeker [onze tips om je reservaties vlot te beheren] zodat weigeringen de uitzondering worden (https://degapp.be/faq/search?id=40)!",Yes,text,,public,,"As a car owner, can I refuse reservations?","En tant que propriétaire d'une voiture, puis-je refuser des réservations ?",Mag ik als autoeigenaar reservaties weigeren?,
faq-13-moet-ik-mijn-eigen-ritten-reserveren,"Yes. This will make your car unavailable to borrowers in Degapp. Booking your own rides ensures that you do not cause unnecessary, fruitless waiting time for borrowers who may count on a free car in Degapp for an important trip. This way you also avoid misunderstandings about the entered mileage during settlement.","Oui. Cela rendra votre voiture indisponible pour les emprunteurs à Degapp. En réservant vos propres trajets, vous garantissez de ne pas causer de temps d'attente inutile et inutile aux emprunteurs qui peuvent compter sur une voiture gratuite à Degapp pour un voyage important. De cette façon, vous évitez également les malentendus sur le kilométrage saisi lors du règlement.","Ja. Op die manier wordt je auto onbeschikbaar voor ontleners in Degapp. Je eigen ritten reserveren zorgt ervoor dat je geen onnodige, vruchteloze wachttijd veroorzaakt bij ontleners die misschien rekenen op een vrije wagen in Degapp voor een belangrijke verplaatsing. Op die manier vermijd je ook dat er bij de afrekening misverstanden ontstaan over de ingevulde kilometerstanden.",Yes,text,,public,,Do I have to book my own rides?,Dois-je réserver mes propres courses ?,Moet ik mijn eigen ritten reserveren?,
faq-27-hoe-regel-ik-de-sleutel-nadat-mijn-reservatie-is-goe,"Do not assume that the owner will be home at the time your reservation starts. The basic agreement is that the borrower arranges the key appointment himself outside the reservation system (vianaamauto@degage.be or telephone). You do this at least 48 hours before the start of the reservation. You can read how the owner prefers to be contacted in his car description. Sometimes the owner immediately says via the comment box when approving whether he will be home at the starting time or not. If he does not do so, the borrower is expected to take action. For last-minute reservations (less than 2 days in advance), it is best to call the owner.","Ne présumez pas que le propriétaire sera chez lui au moment du début de votre réservation. L'accord de base est que l'emprunteur fixe lui-même le rendez-vous clé en dehors du système de réservation (vianaamauto@degage.be ou téléphone). Vous le faites au moins 48 heures avant le début de la réservation. Vous pouvez lire comment le propriétaire préfère être contacté dans la description de sa voiture. Parfois, le propriétaire indique immédiatement via la zone de commentaire lorsqu'il approuve s'il sera à la maison à l'heure de départ ou non. S’il ne le fait pas, l’emprunteur est censé prendre des mesures. Pour les réservations de dernière minute (moins de 2 jours à l'avance), il est préférable d'appeler le propriétaire.","Ga er niet vanuit dat de eigenaar thuis is op het uur dat jouw reservatie start. Basisafspraak is dat de ontlener zelf buiten het reservatiesysteem om (via naamauto@degage.be of telefoon) de sleutelafspraak regelt. Dit doe je minstens 48 uur voor het begin van de reservatie. Hoe de eigenaar liefst gecontacteerd wordt, lees je in zijn autobeschrijving. Soms zegt de eigenaar bij een goedkeuring via het commentaarvakje meteen of hij thuis is op het beginuur of niet. Doet hij dat niet, dan wordt van de ontlener verwacht dat hij in actie schiet. Bij last-minute reserveringen (minder dan 2 dagen op voorhand) bel je best de eigenaar op.",Yes,text,,public,,How do I arrange the key after my reservation has been approved?,Comment puis-je obtenir la clé une fois ma réservation approuvée ?,Hoe regel ik de sleutel nadat mijn reservatie is goedgekeurd?,
faq-50-achterstallige-betaling-betaald-wanneer-kan-ik-weer-,"If you included the correctly structured message with your payment, the payment will be processed automatically and your account will be released again. Please note, payments are processed (automatically) once per working day. And depending on the bank you made your deposit from, a payment can take 1-3 business days to arrive. So you may have to wait a few days before your account is released again. This process cannot be accelerated, not even by sending proof of payment by email. If you have any other questions regarding payments, please contact us at info@degage.be.","Si vous avez inclus le message correctement structuré avec votre paiement, le paiement sera traité automatiquement et votre compte sera à nouveau libéré. Veuillez noter que les paiements sont traités (automatiquement) une fois par jour ouvrable. Et selon la banque auprès de laquelle vous avez effectué votre dépôt, un paiement peut prendre 1 à 3 jours ouvrables pour arriver. Vous devrez donc peut-être attendre quelques jours avant que votre compte soit à nouveau libéré. Ce processus ne peut pas être accéléré, même en envoyant une preuve de paiement par courrier électronique. Si vous avez d'autres questions concernant les paiements, veuillez nous contacter à info@degage.be.","Als je de juist gestructureerde mededeling overnam bij je betaling, zal de betaling automatisch verwerkt worden en zal je account weer vrijgegeven worden. Opgepast, betalingen worden één keer per werkdag (automatisch) verwerkt. En afhankelijk van de bank waarvan jij je storting deed, kan een betaling 1-3 werkdagen onderweg zijn. Dus het kan dat je enkele dagen moet wachten vooraleer je account weer wordt vrijgegeven. Dit proces kan NIET versneld worden, ook niet door het sturen van een betalingsbewijs via mail. Heb je toch een andere vraag in verband met betalingen, contacteer ons dan op info@degage.be.",Yes,text,,public,,Overdue payment paid: when can I reserve cars again?,Paiement en souffrance : quand puis-je réserver à nouveau des voitures ?,Achterstallige betaling betaald: wanneer kan ik weer wagens reserveren?,
faq-53-hoe-wordt-het-bedrag-van-de-omnium-verzekering-bepaa,"At Dégage we work with a compensation fund so that every car/owner/user can receive comprehensive insurance. We work with a solidarity principle. 

Logical principle: More expensive cars have a greater value that must be covered in the event of damage. That is a greater risk for the non-profit organization. Residual value in particular plays a role here, age less so. So even older cars with a high residual value require some risk for Dégage (and the owner). Cheaper cars require less risk. The higher the risk that the non-profit organization bears, the greater the personal contribution of the owner, who is ultimately also the risk bearer.

Each owner contributes to the compensation fund for comprehensive guarantees. The advantage for owners with cheaper cars is that they effectively receive full comprehensive insurance through Dégage, while this is no longer available on the market for cars under 5 years old.

The more cars that take out comprehensive insurance with Dégage itself instead of Ethias, the better, because Dégage can charge a fairer rate. For example, the price of Ethias' comprehensive insurance (as with any other external insurer) will also be based on age, engine power, claims history, bonuses, ... while Dégage only takes the residual value into account. That's a lot more solidarity. The fact that we as an organization are obliged to insure cars above 10,000 euros with Ethias and cover the rest internally is a decision to ensure that the risk is spread as well as possible and that we can remain as financially independent as possible. Owners under 10,000 euros also pay comprehensively, but to the Dégage compensation fund instead of Ethias. 

There is no hard limit. Every owner notices when paying for the insurance that it decreases slightly every year, as the residual value also decreases. If the residual value of the car drops below 10,000 euros, you will not suddenly pay much less, but you will notice a drop in your settlement.","Chez Dégage, nous travaillons avec un fonds d'indemnisation afin que chaque voiture/propriétaire/utilisateur puisse bénéficier d'une assurance tous risques. Nous travaillons selon un principe de solidarité. 

Principe logique : les voitures plus chères ont une plus grande valeur qui doit être couverte en cas de dommage. Cela représente un plus grand risque pour l’organisation à but non lucratif. C'est surtout la valeur résiduelle qui joue ici un rôle, l'âge dans une moindre mesure. Ainsi, même les voitures plus anciennes avec une valeur résiduelle élevée comportent certains risques pour Dégage (et pour le propriétaire). Les voitures moins chères nécessitent moins de risques. Plus le risque supporté par l'organisation à but non lucratif est élevé, plus la contribution personnelle du propriétaire, qui est en fin de compte aussi le porteur du risque, est importante.

Chaque propriétaire cotise au fonds de compensation pour des garanties complètes. L'avantage pour les propriétaires de voitures moins chères est qu'ils bénéficient effectivement d'une assurance tous risques via Dégage, alors qu'elle n'est plus disponible sur le marché pour les voitures de moins de 5 ans.

Plus il y a de voitures qui souscrivent une assurance tous risques auprès de Dégage lui-même au lieu d'Ethias, mieux c'est, car Dégage peut facturer un tarif plus juste. Par exemple, le prix de l'assurance tous risques d'Ethias (comme chez tout autre assureur externe) sera également fonction de l'âge, de la puissance du moteur, de l'historique des sinistres, des primes,... tandis que Dégage ne prend en compte que la valeur résiduelle. C'est beaucoup plus de solidarité. Le fait que nous, en tant qu'organisation, soyons obligés d'assurer les voitures d'une valeur supérieure à 10 000 euros auprès d'Ethias et de couvrir le reste en interne est une décision visant à garantir que le risque soit réparti au mieux et que nous puissions rester aussi indépendants financièrement que possible. Les propriétaires de moins de 10 000 euros paient également intégralement, mais à la caisse d'indemnisation Dégage au lieu d'Ethias. 

Il n’y a pas de limite stricte. Chaque propriétaire remarque, lors du paiement de l'assurance, que celle-ci diminue légèrement chaque année, car la valeur résiduelle diminue également. Si la valeur résiduelle de la voiture descend en dessous de 10 000 euros, vous ne paierez pas soudainement beaucoup moins, mais vous constaterez une baisse de votre règlement.","Bij Dégage werken we met een schadefonds waardoor elke auto/eigenaar/gebruiker de waarborgen van een omnium kan krijgen. Hierbij werken we met een solidariteitsprincipe. 

Logisch principe: Duurdere auto's hebben een grotere waarde die gedekt moet worden bij schade. Dat is een groter risico voor de vzw. Vooral de restwaarde speelt hier een rol, de leeftijd minder. Dus ook oudere auto's met een nog hoge restwaarde vraagt wel wat risico voor Dégage (en de eigenaar). Goedkopere auto's vragen minder risico. Hoe hoger het risico is dat de vzw draagt, hoe groter dus de eigen bijdrage van de eigenaar, die uiteindelijk ook de risicodrager is.

Elke eigenaar legt bij in het schadefonds voor omnium waarborgen. Voordeel voor eigenaars met goedkopere wagens is dat ze effectief de waarborgen van een full omnium krijgen via Dégage, terwijl op de markt dit niet meer verkrijgbaar is voor wagens onder de 5 jaar.

Hoe meer auto's een omnium aangaan bij Dégage zelf i.p.v. Ethias hoe beter, omdat Dégage een eerlijker tarief kan hanteren. Zo zal de prijs van de omnium van Ethias (zoals bij elke andere externe verzekeraar) ook gebaseerd zijn op leeftijd, motorvermogen, schadeverleden, bonussen, ... terwijl Dégage enkel rekening houdt met de restwaarde. Dat is een stuk solidairder. Dat wij als organisatie verplichten om wagens boven 10.000 euro bij Ethias te verzekeren en de rest intern dekken, is een beslissing om ervoor te zorgen dat het risico zo goed mogelijk gespreid is en we zo financieel onafhankelijk mogelijk kunnen blijven. Eigenaars onder die 10.000 euro, betalen dus ook omnium maar dan aan het schadefonds van Dégage i.p.v. Ethias. 

Er is geen harde grens. Elke eigenaar merkt bij de afrekening van de verzekering dat die elk jaar wat zakt, gezien de restwaarde ook zakt. Als de restwaarde van de auto onder de 10.000 euro zakt ga je niet plots veel minder betalen, maar je gaat wel een sprongetje naar beneden merken in je afrekening.",Yes,text,,public,,How is the amount of the (comprehensive) insurance determined for me as the owner?,Comment le montant de l'assurance (cassive) est-il déterminé pour moi en tant que propriétaire ?,Hoe wordt het bedrag van de (omnium)verzekering bepaald voor mij als eigenaar?,
faq-64-krijg-ik-als-eigenaar-ook-autokosten-terugbetaald-al,"Yes, but we would like to provide a little more explanation about the 'ceiling'.

For every kilometer that someone else drives the car, Dégage reimburses the owner for the actual costs of that car. Repayment is made quarterly. The more kilometers shared, the more the owner gets back that quarter.

To quickly calculate the reimbursement per owner/car, Dégage expresses depreciation, car costs and fuel in a cost per kilometer. These are 3 separate costs that together determine the 'own' kilometer price of the car.

  The depreciation cost per kilometer (purchase price) is fixed at entry and is the same across all quarters. The more kilometers shared, the more depreciation the owner gets back that quarter. The depreciation continues over several years until a maximum mileage of the car is reached (e.g. +/- 250,000 km for a fossil car).

  The car cost per kilometer (repairs, maintenance, insurance, tax, etc.) varies per quarter. For example, this will be higher if there was an expensive repair or if the car was driven fewer kilometers (by owner and borrower). The refund will be made based on: the ratio of own/shared kilometers by owner and borrower. The more kilometers the borrower drives compared to the owner, the more car costs the owner gets reimbursed that quarter.

  The fuel cost per kilometer also varies per quarter (e.g. economical driving, cheap or expensive refueling). The owner only pays for the fuel for his own kilometers driven every quarter. However, we can use This fuel cost shows whether the car as a whole drives economically or less economically.

The 'own' kilometer price per car differs from the fixed (stepped) kilometer price that Dégage charges its members. The borrower will therefore not pay more for a 'more expensive' car than for a 'cheaper' one (not including category B). Dégage has both more expensive and cheaper cars. In general, this is spread evenly across the car fleet. Dégage also monitors the 'own' kilometer prices of the shared cars. If cars across the entire fleet become too expensive, the fixed kilometer price for members will be adjusted. The kilometer price for members can change every quarter.When you start using a shared car, Dégage carries out a thorough simulation to check whether the car fits within the price range. If a car's 'own' kilometer price is too high quarter after quarter, we will work with the owner to determine what the reason could be. This is often due to high car costs in combination with not driving the car enough. To avoid too large a jump within a quarter, Dégage applies a ceiling/cap for owners whose car drives less than 4,000 kilometers per quarter. This is a maximum applicable kilometer price that the owner is reimbursed (which always coincides with the fixed kilometer price for members in the highest tier; see the applicable rates for members here). Because if a car suddenly costs more during a quarter and Dégage has to pay the owner a higher car cost per kilometer than average, this does not translate into a higher kilometer price that the borrower pays for this car. With this cap, we ensure that owners who rarely share their car do not cause the costs for Dégage and - in the long term - for the members to skyrocket. By building in such protection, Dégage is acting according to good policy. 

If too many cars flirt with the ceiling, Dégage will be forced to increase the fixed kilometer price for members. The ceiling is higher than the average fixed kilometer price that members pay (since we work with graduated rates). In addition, Dégage needs an operating margin on this fixed kilometer price to guarantee the quality of its services (reservation system, damage, free roadside assistance, staff, volunteer work, etc.).","Oui, mais nous aimerions fournir un peu plus d'explications sur le « plafond ».

Pour chaque kilomètre parcouru par une autre personne, Dégage rembourse au propriétaire les frais réels de cette voiture. Le remboursement est effectué trimestriellement. Plus il y a de kilomètres partagés, plus le propriétaire récupère ce quart.

Pour calculer rapidement le remboursement par propriétaire/voiture, Dégage exprime l'amortissement, les frais de voiture et de carburant dans un coût au kilomètre. Il s'agit de 3 coûts distincts qui déterminent ensemble le « propre » prix au kilomètre de la voiture.

  Le coût de l'amortissement kilométrique (prix d'achat) est fixé à l'entrée et est le même sur tous les trimestres. Plus il y a de kilomètres partagés, plus le propriétaire récupère ce trimestre d’amortissement. L'amortissement se poursuit sur plusieurs années jusqu'à atteindre un kilométrage maximum de la voiture (par exemple +/- 250 000 km pour une voiture fossile).

  Le coût de la voiture au kilomètre (réparations, entretien, assurance, taxes, etc.) varie selon le trimestre. Par exemple, ce montant sera plus élevé s'il y a eu une réparation coûteuse ou si la voiture a parcouru moins de kilomètres (par le propriétaire et l'emprunteur). Le remboursement s'effectuera en fonction : du ratio kilomètres propres/partagés par propriétaire et emprunteur. Plus l’emprunteur parcourt de kilomètres par rapport au propriétaire, plus le propriétaire est remboursé des frais de voiture au cours de ce trimestre.

  Le coût du carburant par kilomètre varie également par trimestre (par exemple, conduite économique, ravitaillement bon marché ou coûteux). Le propriétaire ne paie le carburant que pour ses propres kilomètres parcourus chaque trimestre. Cependant, nous pouvons utiliser ce coût de carburant pour indiquer si la voiture dans son ensemble roule de manière économique ou moins économique.

Le prix kilométrique « propre » par voiture diffère du prix kilométrique fixe (échelonné) que Dégage facture à ses membres. L'emprunteur ne paiera donc pas plus pour une voiture « plus chère » que pour une voiture « moins chère » (hors catégorie B). Dégage propose des voitures à la fois plus chères et moins chères. En général, cela est réparti uniformément sur l’ensemble du parc automobile. Dégage surveille également les tarifs kilométriques « propres » des voitures partagées. Si les voitures de l’ensemble du parc deviennent trop chères, le prix kilométrique fixe pour les membres sera adapté. Le prix au kilomètre pour les membres peut changer chaque trimestre.Lorsque vous démarrez l'utilisation d'une voiture partagée, Dégage réalise une simulation approfondie pour vérifier si la voiture s'inscrit dans la fourchette de prix. Si le prix au kilomètre d'une voiture est trop élevé trimestre après trimestre, nous déterminerons avec le propriétaire quelle pourrait en être la raison. Cela est souvent dû aux coûts élevés de la voiture, combinés au fait de ne pas conduire suffisamment la voiture. Pour éviter un saut trop important au cours d'un trimestre, Dégage applique un plafond pour les propriétaires dont la voiture roule moins de 4 000 kilomètres par trimestre. Il s'agit d'un prix kilométrique maximum applicable que le propriétaire est remboursé (qui coïncide toujours avec le prix kilométrique fixe pour les membres du niveau le plus élevé ; voir les tarifs applicables pour les membres ici). Car si une voiture coûte soudainement plus cher au cours d'un trimestre et que Dégage doit payer au propriétaire un coût de voiture au kilomètre plus élevé que la moyenne, cela ne se traduit pas par un prix au kilomètre plus élevé que l'emprunteur paie pour cette voiture. Avec ce plafond, nous veillons à ce que les propriétaires qui partagent rarement leur voiture ne fassent pas monter en flèche les coûts pour le Dégage et - à long terme - pour les membres. En intégrant une telle protection, Dégage agit selon une bonne politique. 

Si trop de voitures flirtent avec le plafond, Dégage sera contraint d'augmenter le forfait kilométrique pour les adhérents. Le plafond est supérieur au prix forfaitaire moyen au kilomètre payé par les membres (puisque nous travaillons avec des tarifs progressifs). De plus, Dégage a besoin d'une marge opérationnelle sur ce forfait kilométrique pour garantir la qualité de ses prestations (système de réservation, sinistres, assistance routière gratuite, personnel, bénévolat, etc.).","Ja, maar graag geven we wat meer uitleg over het 'plafond'.

Voor elke kilometer dat iemand anders met de auto rijdt, betaalt Dégage de eigenaar de reële kosten van die auto terug. De terugbetaling gebeurt per kwartaal. Hoe meer gedeelde kilometers, hoe meer de eigenaar terugkrijgt dat kwartaal.

Om de terugbetaling per eigenaar/auto vlot te berekenen, drukt Dégage afschrijving, autokosten en brandstof uit in een kost per kilometer. Dat zijn 3 aparte kosten die samen de 'eigen' kilometerprijs van de auto bepalen.

  De afschrijvingskost per kilometer (aankoopprijs) ligt vast bij instap en is over alle kwartalen heen gelijk. Hoe meer gedeelde kilometers, hoe meer afschrijving de eigenaar dat kwartaal terugkrijgt. De afschrijving blijft over verschillende jaren lopen tot een maximum kilometerstand van de auto is bereikt (bv. +/- 250.000 km bij een fossiele wagen).

  De autokost per kilometer (herstelling, onderhoud, verzekering, belasting, ...) varieert per kwartaal. Zo zal deze hoger liggen als er een dure herstelling was of als er minder kilometer met de auto werd gereden (door eigenaar en ontlener). De terugbetaling gebeurt a.d.h.v. de ratio eigen/gedeelde kilometers door eigenaar en ontlener. Hoe meer kilometer de ontlener rijdt t.o.v. de eigenaar, hoe meer autokost de eigenaar terugbetaald krijgt dat kwartaal.

  Ook de brandstofkost per kilometer varieert per kwartaal (bv. zuinig rijden, goedkoop of duur tanken). De eigenaar betaalt per kwartaal enkel de brandstof van zijn eigen gereden kilometers. Wel kunnen we a.d.h.v. deze brandstofkost zien of de auto in zijn geheel zuinig of minder zuinig rijdt.

De 'eigen' kilometerprijs per wagen wijkt af van de vaste (getrapte) kilometerprijs die Dégage vraagt aan zijn leden. De ontlener zal voor een 'duurdere' auto dus niet meer betalen dan voor een 'goedkopere' (cat. B niet meegerekend). Dégage telt zowel duurdere als goedkopere auto's. Over het algemeen verdeelt zich dat gelijkmatig over de autovloot. Dégage monitort dan ook de 'eigen' kilometerprijzen van de deelauto's. Worden auto's over de hele vloot heen te duur, dan wordt de vaste kilometerprijs voor de leden aangepast. Elk kwartaal kan de kilometerprijs voor de leden wijzigen. 

Bij instap van een deelauto doet Dégage een grondige simulatie waarbij we nakijken of de wagen binnen de prijsvork past. Heeft een auto kwartaal na kwartaal toch een te hoge 'eigen' kilometerprijs, dan bekijken we samen met de eigenaar wat de reden kan zijn. Veelal ligt dit aan hoge autokosten in combinatie met te weinig rijden met de auto. Om binnen een kwartaal té grote bokkesprongen te vermijden, hanteert Dégage een plafond/aftopping voor eigenaars waarvan de wagen minder dan 4000 kilometer rijdt per kwartaal. Dat is een maximum geldende kilometerprijs die de eigenaar terugbetaald krijgt (die steeds samenvalt met de vaste kilometerprijs voor leden in de hoogste trap; zie hier de steeds geldende tarieven voor leden). Want kost een auto tijdens een kwartaal plots meer en moet Dégage de eigenaar een hogere autokost per kilometer uitbetalen dan gemiddeld, dan vertaalt zich dat niet in een hogere kilometerprijs die de ontlener voor deze auto betaalt. Door deze aftopping zorgen we ervoor dat eigenaars die hun wagen amper delen, er niet voor zorgen dat de kosten voor Dégage en - op termijn - voor de leden de pan uit swingen. Door zulke bescherming in te bouwen, handelt Dégage volgens goed beleid. 

Mochten teveel auto's flirten met het plafond, dan zal Dégage genoodzaakt zijn om de vaste kilometerprijs voor de leden te verhogen. Het plafond ligt namelijk hoger dan de gemiddelde vaste kilometerprijs die leden betalen (gezien we met getrapte tarieven werken). Bovendien heeft Dégage een werkingsmarge nodig op deze vaste kilometerprijs om de kwaliteit van haar dienstverlening te waarborgen (reservatiesysteem, schade, gratis pechhulp, personeel, vrijwilligerswerking ...).",Yes,text,,public,,"As an owner, will I also be reimbursed for car costs if I share little?","En tant que propriétaire, serai-je également remboursé des frais de voiture si je partage peu ?",Krijg ik als eigenaar ook autokosten terugbetaald als ik weinig deel?,
faq-67-mijn-auto-is-bijna-afgeschreven-in-degage-wat-nu,"Written-off cars are of course still welcome at Dégage.

Once depreciated, no further depreciation costs will be paid. You will therefore receive less repayment from residual value zero. In your car's dashboard you can see how much you have received back of the purchase price since you bought it. 

With large maintenance costs, you have to ask yourself whether it is still worth it. A check-up by your garage mechanic is recommended before repairs to find out whether there will be any surprises. It is also interesting to see how much your km price is, whether you already have high costs, the age of your car and the mileage. 

Whether and when you sell your car is entirely your choice. By sharing you have already recouped part of your entry value. You decide whether that is sufficient for you if the car ever breaks down. If you sell the car at market value (which is usually not zero), you create an extra budget on top of the shared costs. For example, you can invest in a more ecological model, with which you simultaneously contribute to the greening of the Dégage fleet. If you choose to keep the car, it will remain at the residual value that you have partly recouped in the meantime. Some owners consider selling important, others prefer to continue driving until the car reaches the end of its lifespan. At Dégage we would of course like to see as many shared cars as possible. If you decide to sell, we prefer an exchange for a younger example.

If the written-off car is completely destroyed by a borrower or yourself, we will only pay out the residual value. On top of that, you also get the wreck value of the garage, which is usually at least 250 euros. If you drive the car yourself perte total, you only have the wreck value. If a borrower causes it, Dégage can also consider transferring part or all of the ""own share"" that the borrower pays to Dégage's damage fund to the owner. This way, as an owner, you still have some money left over if a borrower drives your written-off car for its entirety. 

In the event of damage, the written-off car will quickly be economically totaled within Dégage. We only allow repair costs of max. 750 euros. If the cost is higher and the car is still worth repairing, we will ask the owner to contribute. We will then increase the residual value of your car by this amount (or we will add it to your car costs, depending on the situation). This way you can start depreciating your repair investment again as you share.

Finally, it is good to know: as soon as the car breaks down (due to damage or breakdown or whatever) and it is decided not to repair, the reimbursement of your car costs will stop, meaning that non-depreciated car costs will expire.","Les voitures en ruine sont bien entendu toujours les bienvenues chez Dégage.

Une fois amorti, aucun autre frais d’amortissement ne sera payé. Vous recevrez donc moins de remboursement à partir de la valeur résiduelle nulle. Dans le tableau de bord de votre voiture, vous pouvez voir combien vous avez reçu du prix d'achat depuis que vous l'avez achetée. 

Avec des coûts d’entretien importants, il faut se demander si cela en vaut encore la peine. Un contrôle par votre garagiste est recommandé avant toute réparation pour savoir s'il y aura des surprises. Il est également intéressant de voir à combien s'élève votre prix kilométrique, si vous avez déjà des frais élevés, l'âge de votre voiture et le kilométrage. 

Si et quand vous vendez votre voiture, cela dépend entièrement de vous. En partageant, vous avez déjà récupéré une partie de la valeur de votre entrée. Vous décidez si cela vous suffit en cas de panne de la voiture. Si vous vendez la voiture à sa valeur marchande (qui n’est généralement pas nulle), vous créez un budget supplémentaire en plus des frais partagés. Vous pouvez par exemple investir dans un modèle plus écologique, avec lequel vous contribuez simultanément au verdissement de la flotte Dégage. Si vous choisissez de conserver la voiture, elle restera à la valeur résiduelle que vous avez en partie récupérée entre-temps. Certains propriétaires considèrent la vente comme importante, d’autres préfèrent continuer à conduire jusqu’à ce que la voiture atteigne la fin de sa durée de vie. Chez Dégage nous aimerions bien sûr voir le plus de voitures partagées possible. Si vous décidez de vendre, nous privilégions un échange contre un exemplaire plus jeune.

Si la voiture radiée est entièrement détruite par un emprunteur ou par vous-même, nous ne remboursons que la valeur résiduelle. En plus de cela, vous bénéficiez également de la valeur de démolition du garage, qui est généralement d'au moins 250 euros. Si vous conduisez vous-même la voiture, perte totale, vous n'avez que la valeur de l'épave. Si un emprunteur en est la cause, Dégage peut également envisager de transférer au propriétaire une partie ou la totalité de la « part propre » que l'emprunteur verse au fonds de dommages de Dégage. De cette façon, en tant que propriétaire, il vous reste encore un peu d’argent si un emprunteur conduit entièrement votre voiture radiée. 

En cas de sinistre, la voiture radiée sera rapidement valorisée économiquement au sein de Dégage. Nous autorisons uniquement des frais de réparation de max. 750 euros. Si le coût est plus élevé et que la voiture mérite encore d’être réparée, nous demanderons au propriétaire de contribuer. Nous augmenterons alors la valeur résiduelle de votre voiture de ce montant (ou nous l'ajouterons à vos frais de voiture, selon la situation). De cette façon, vous pouvez recommencer à déprécier votre investissement de réparation au fur et à mesure que vous partagez.

Enfin, il est bon à savoir : dès que la voiture tombe en panne (suite à un avarie, une panne ou autre) et qu'il est décidé de ne pas réparer, le remboursement de vos frais automobiles s'arrêtera, ce qui signifie que les frais automobiles non amortis expireront.","Ook afgeschreven auto's zijn natuurlijk nog steeds welkom bij Dégage.

Van zodra afgeschreven wordt er geen afschrijfkost meer uitbetaald. Je krijgt vanaf restwaarde nul dus minder terugbetaald. In je dashboard van je auto zie je hoeveel je tot nu toe hebt teruggekregen van de aankoopprijs sinds instap. 

Bij grote onderhoudskosten, moet je jezelf afvragen of het nog waard is. Een check-up van je garagist is vóór herstel dan aan te raden om te weten of er nog verrassingen komen. Interessant is ook te kijken hoeveel je km-prijs bedraagt, of je reeds hoge kosten lopen hebt, de leeftijd van je auto en de kilometerstand. 

Of en wanneer je je auto verkoopt, is volledig jouw keuze. Door het delen heb je al een deel van je instapwaarde terugverdiend. Jij beslist of dat voor jou voldoende is, mocht de auto ooit stukgaan. Verkoop je de auto tegen marktwaarde (die meestal niet nul is), dan creëer je een extra budget bovenop de gedeelde kosten. Dat kan je bijvoorbeeld investeren in een ecologischer model, waarmee je tegelijk bijdraagt aan de vergroening van de Dégage-vloot. Kies je ervoor om de auto te houden, dan blijft het bij de restwaarde die je intussen deels hebt terugverdiend. Sommige eigenaars vinden verkopen belangrijk, anderen rijden liever verder tot de auto einde levensduur is. Vanuit Dégage zien we natuurlijk graag zoveel mogelijk deelauto’s. Als je beslist te verkopen, geven we de voorkeur aan een inwisseling voor een jonger exemplaar.

Mocht de afgeschreven auto perte totale vallen door een ontlener of jezelf, dat betalen we enkel de restwaarde uit. Daarbovenop krijg je ook nog de wrakwaarde van de garage, dat ligt meestal op minimaal 250 euro. Rijd je de auto zelf perte totale, dan heb je enkel de wrakwaarde. Als een ontlener het veroorzaakt, kan Dégage daarbovenop bekijken om het ""eigen aandeel"" dat de ontlener betaalt aan de schadepot van Dégage deels of integraal door te sluizen naar de eigenaar. Zo hou je als eigenaar toch nog wel wat over als een ontlener je afgeschreven wagen perte totale rijdt. 

Bij schade zal de afgeschreven auto vlug economisch perte totale zijn binnen Dégage. We staan enkel herstelkosten toe van max. 750 euro. Is de kost hoger en de auto is het nog waard om te herstellen, dan vragen we de eigenaar bij te leggen. Wel trekken we dan de restwaarde van je auto op met dit bedrag (of we voegen die toe aan je autokosten, naargelang de situatie). Zo kan je je investering van de herstelling opnieuw beginnen afschrijven naarmate je deelt.

Tenslotte nog goed om weten: van zodra de auto uitvalt (door schade of panne of wat dan ook) en beslist wordt om niet te herstellen, dan stopt de terugbetaling van je autokosten waardoor niet-afgeschreven autokosten vervallen.",Yes,text,,public,,My car is (almost) written off in Dégage. What now?,Ma voiture est (presque) radiée en Dégage. Et maintenant ?,Mijn auto is (bijna) afgeschreven in Dégage. Wat nu?,
faq-44-waarom-staat-er-een-btw-melding-op-mijn-factuur,"Dégage's prices are calculated based on the actual cost of the shared cars in the fleet. Some matters are not included, such as roadside assistance, compensation for damage and personnel costs. This is our operating cost and we only pay 21% VAT on this part. Because Dégage has switched from freelancers to salaried staff (since April 2022), we have now made the VAT portion of this operating cost visible on your invoice. The margin we have to take for the operating costs fluctuates every quarter, because this is also determined based on: the actual cost. This will often be between 4 to 6 cents per shared kilometer.","Les tarifs de Dégage sont calculés sur la base du coût réel des voitures partagées de la flotte. Certaines matières ne sont pas incluses, comme l'assistance routière, l'indemnisation des dommages et les frais de personnel. C'est notre coût de fonctionnement et nous ne payons que 21% de TVA sur cette partie. Parce que Dégage est passé d'indépendants à salariés (depuis avril 2022), nous avons désormais rendu visible la part TVA de ce coût de fonctionnement sur votre facture. La marge que nous devons prendre pour les coûts d'exploitation fluctue chaque trimestre, car elle est également déterminée en fonction : du coût réel. Ce sera souvent entre 4 et 6 centimes par kilomètre partagé.","De prijzen van Dégage zijn berekend op basis van de werkelijke kost van de deelauto's in de vloot. Sommige zaken vallen hierbuiten zoals pechhulp, tussenkomsten in schade en personeelskost. Dit is onze werkingskost en enkel op dit gedeelte betalen we 21% BTW. Omdat Dégage (sinds april 2022) overgeschakeld is van freelancers naar personeel in loondienst, hebben we nu het gedeelte BTW op deze werkingskost zichtbaar gemaakt op jullie factuur. De marge die we moeten nemen voor de werkingskost schommelt per kwartaal, omdat ook deze is bepaald o.b.v. de werkelijke kost. Veelal zal die liggen tussen de 4 à 6 cent per gedeelde kilometer.",Yes,text,,public,,Why is there a VAT notification on my invoice?,Pourquoi y a-t-il une notification de TVA sur ma facture ?,Waarom staat er een BTW-melding op mijn factuur?,
faq-42-wanneer-krijg-ik-geld-terug-voor-de-gedeelde-ritten,"Dégage charges for the journeys every quarter. Remember to enter all your trips, refueling and costs in Degapp on time. Owners do this at the latest on the 2nd day of a new quarter (April 2, July 2, October 2, January 2). If everyone follows this properly, members will receive their settlement/refund in the first week after the end of each gibberish. That is usually around April 7, July 7, October 7 and January 7). Unless your missing mileage causes delays ;)","Frais de dégage pour les trajets tous les trimestres. Pensez à saisir à temps tous vos déplacements, ravitaillements et frais à Degapp. Les propriétaires le font au plus tard le 2ème jour d'un nouveau trimestre (2 avril, 2 juillet, 2 octobre, 2 janvier). Si tout le monde suit correctement, les membres recevront leur règlement/remboursement dans la première semaine après la fin de chaque charabia. C'est généralement vers le 7 avril, le 7 juillet, le 7 octobre et le 7 janvier). Sauf si votre kilométrage manquant entraîne des retards ;)","Per kwartaal rekent Dégage de ritten af. Denk eraan op tijd al je ritten, tankbeurten en kosten in te voeren in Degapp. Eigenaars doen dit ten laatste op de 2de dag van een nieuw kwartaal (2 april, 2 juli, 2 oktober, 2 januari). Als iedereen dit netjes opvolgt, krijgen de leden hun afrekening/terugbetaling in de eerste week na het eind van elk wartaal. Dat is dus meestal rond 7 april, 7 juli, 7 oktober en 7 januari). Tenzij jouw ontbrekende kilometerstand voor vertraging zorgt ;)",Yes,text,,public,,When will I get money back for the shared rides?,Quand recevrai-je un remboursement pour les trajets partagés ?,Wanneer krijg ik geld terug voor de gedeelde ritten?,
faq-41-wanneer-moet-ik-betalen-voor-mijn-ritten,"Dégage charges for the journeys every quarter. There are 4 quarters: January-March; April-June; July-September; October-December. At the end of each quarter, volunteers, team and owners work hard to complete the quarterly statement on time. This diagram shows what is happening behind the scenes.

Remember to enter all your journeys and refueling in our Degapp reservation system in time (no later than the end of March, the end of June, the end of September, the end of December). If everyone follows this properly, members will receive their settlement/refund in the first week after the end of each gibberish. So that is usually around April 7, July 7, October 7 and January 7. Unless your missing mileage causes a delay ;) So fill in your mileage and refueling as soon as possible after the ride. That means less chance of delays or misunderstandings. 

Our users do not receive a simulation. After settlement, you can no longer add fuel receipts. So, at the end of a quarter, quickly check your own mileage and insert any missing fuel receipts. If you are unable to do so or are in doubt, please email admin@degage before the first of the new quarter, stating the ride and date.","Frais de dégage pour les trajets tous les trimestres. Il y a 4 trimestres : janvier-mars ; avril-juin ; juillet-septembre ; Octobre-décembre. À la fin de chaque trimestre, les bénévoles, l'équipe et les propriétaires travaillent dur pour terminer le relevé trimestriel à temps. Ce diagramme montre ce qui se passe dans les coulisses.

Pensez à saisir à temps tous vos trajets et ravitaillements dans notre système de réservation Degapp (au plus tard fin mars, fin juin, fin septembre, fin décembre). Si tout le monde suit correctement, les membres recevront leur règlement/remboursement dans la première semaine après la fin de chaque charabia. C'est donc généralement vers le 7 avril, le 7 juillet, le 7 octobre et le 7 janvier. À moins que votre kilométrage manquant n'entraîne un retard ;) Remplissez donc votre kilométrage et faites le plein le plus tôt possible après la balade. Cela signifie moins de risques de retards ou de malentendus. 

Nos utilisateurs ne reçoivent pas de simulation. Après le règlement, vous ne pouvez plus ajouter de reçus de carburant. Ainsi, à la fin d’un trimestre, vérifiez rapidement votre propre kilométrage et insérez les factures de carburant manquantes. Si vous n'y parvenez pas ou avez un doute, merci d'envoyer un email à admin@degage avant le premier du nouveau trimestre en précisant le trajet et la date.","Per kwartaal rekent Dégage de ritten af. Er zijn 4 kwartalen: januari-maart; april-juni; juli-september; oktober-december. Vrijwilligers, team en eigenaars zijn op het einde van elk kwartaal in de weer om mooi op tijd de kwartaalafrekening af te ronden. Dit schema toont wat er nu allemaal achter de schermen gebeurt.

Denk eraan op tijd (uiterlijk tegen eind maart, eind juni, eind september, eind december) al je ritten en tankbeurten in te voeren in ons reservatiesysteem Degapp. Als iedereen dit netjes opvolgt, krijgen de leden hun afrekening/terugbetaling in de eerste week na het eind van elk wartaal. Dat is dus meestal rond 7 april, 7 juli, 7 oktober en 7 januari. Tenzij jouw ontbrekende kilometerstand voor vertraging zorgt ;) Vul dus zo snel mogelijk na de rit je kilometerstanden en tankbeurten in. Dat is minder kans op uitstel of misverstanden. 

Onze gebruikers ontvangen geen simulatie. Na de afrekening kan je dus geen tankbonnen meer toevoegen. Kijk op het einde van een kwartaal dus snel nog even je eigen kilometerstanden na en voeg ontbrekende tankbonnen in. Lukt het je niet of twijfel je, mail dan vóór de eerste van het nieuwe kwartaal naar admin@degage met vermelding rit en datum.",Yes,text,,public,,When do I have to pay for my rides?,Quand dois-je payer mes courses ?,Wanneer moet ik betalen voor mijn ritten?,
faq-47-wat-is-een-geprivilegieerde-gebruiker,"In practice, privileged users are often housemates, children, partners, etc. 

Reservations by privileged users are automatically approved. The kilometers driven by them are considered owner kilometers. They do not pay any kilometer costs for the use of your car to Dégage, but if desired they can pay a mutually agreed compensation to the owner. The percentage of shared kilometers may change as a result. The kilometers driven by a privileged user are included separately on the owner's bill.

If you want to add members to your car as a privileged user, you can request this via info@degage.be. Please note, this is only possible if these members are already full members. So let them go through the membership first. You can also read more information about membership of family members here.","En pratique, les utilisateurs privilégiés sont souvent les colocataires, les enfants, les partenaires, etc. 

Les réservations des utilisateurs privilégiés sont automatiquement approuvées. Les kilomètres parcourus par eux sont considérés comme des kilomètres propriétaires. Ils ne paient aucun frais kilométrique pour l'utilisation de votre voiture chez Dégage, mais s'ils le souhaitent, ils peuvent verser une indemnité mutuellement convenue au propriétaire. Le pourcentage de kilomètres partagés peut en conséquence changer. Les kilomètres parcourus par un utilisateur privilégié sont inclus séparément sur la facture du propriétaire.

Si vous souhaitez ajouter des membres à votre voiture en tant qu'utilisateur privilégié, vous pouvez en faire la demande via info@degage.be. Attention, cela n'est possible que si ces membres sont déjà membres à part entière. Alors laissez-les d’abord passer par l’adhésion. Vous pouvez également lire plus d’informations sur l’adhésion des membres de la famille ici.","Geprivilegieerde gebruikers zijn in praktijk veelal huisgenoten, kinderen, partners, ... 

De reservaties door geprivilegieerde gebruikers worden automatisch goedgekeurd. De kilometers die door hen gereden worden worden gezien als eigenaarskilometers. Ze betalen dus geen kilometerkost voor het gebruik van jouw wagen aan Dégage, maar kunnen desgewenst wel een onderling af te spreken vergoeding aan de eigenaar betalen. Het percentage deelkilometers kan hierdoor veranderen. De gereden kilometers van een geprivilegieerde gebruiker staan apart mee op de eigenaarsafrekening.

Wil je leden toevoegen aan je auto als geprivilegieerd gebruiker, dan kan je dit aanvragen via info@degage.be. Opgelet, dit kan enkel als deze leden reeds volwaardig lid zijn. Laat hen dus eerst het lidmaatschap doorlopen. Meer info over lidmaatschap van gezinsleden lees je ook hier.",Yes,text,,public,,What is a privileged user?,Qu'est-ce qu'un utilisateur privilégié ?,Wat is een geprivilegieerde gebruiker?,
faq-10-een-degage-lid-vraagt-of-hij-mijn-auto-door-iemand-a,"We explicitly ask not to allow this. In any case, the borrower remains responsible for the car during the reservation, but to avoid problems and disagreements, we only allow a Dégage member to drive the car. 

Dégage will of course not intervene in cases of damage where a non-member is at the wheel. It is therefore better to refer users to a membership at Dégage.","Nous demandons explicitement de ne pas autoriser cela. Dans tous les cas, l'emprunteur reste responsable de la voiture lors de la réservation, mais pour éviter problèmes et désaccords, nous autorisons uniquement un membre Dégage à conduire la voiture. 

Dégage n'interviendra bien entendu pas en cas de sinistre où un non-membre est au volant. Mieux vaut donc orienter les utilisateurs vers une adhésion chez Dégage.","We vragen expliciet om dit niet toe te laten. De ontlener blijft in ieder geval verantwoordelijk voor de wagen tijdens de reservatie, maar om problemen en meningsverschillen te vermijden, laten we enkel toe dat een Dégage-lid de auto bestuurt. 

Bij schadegevallen waarbij een niet-lid aan het stuur zit, komt Dégage uiteraard niet tussen. Je kan gebruikers dus beter doorverwijzen naar een lidmaatschap bij Dégage.",Yes,text,,public,,"A Dégage member asks if he can let someone else drive my car who is not a member, while he/she is in the car. Is that possible?","Un membre Dégage demande s'il peut laisser quelqu'un d'autre conduire ma voiture qui n'est pas membre, pendant qu'il est dans la voiture. Est-ce possible ?","Een Dégage-lid vraagt of hij mijn auto door iemand anders mag laten besturen die geen lid is, terwijl hij/zij mee in de wagen zit. Kan dat?",
faq-8-kan-iemand-met-een-voorlopig-rijbewijs-lid-worden-en,"A provisional driver's license is a valid driver's license. As an organization we allow these people. We advise these people that they should first personally contact the owner whose car they want to use. You can indicate in our reservation system whether you are open to members with a provisional driver's license. If you prefer not to, you will not appear in their search results.","Un permis de conduire provisoire est un permis de conduire valide. En tant qu'organisation, nous autorisons ces personnes. Nous conseillons à ces personnes de contacter d'abord personnellement le propriétaire dont elles souhaitent utiliser la voiture. Vous pouvez indiquer dans notre système de réservation si vous êtes ouvert aux membres titulaires d'un permis de conduire provisoire. Si vous préférez ne pas le faire, vous n’apparaîtrez pas dans leurs résultats de recherche.","Een voorlopig rijbewijs is een geldig rijbewijs. Als organisatie laten we deze mensen dus toe. We geven deze mensen wel mee, dat ze best eerst persoonlijk contact opnemen met de eigenaar van wie ze een auto willen gebruiken. Je kan in ons reservatiesysteem aanduiden of je openstaat voor leden met een voorlopig rijbewijs. Heb je liever van niet, dan zal je ook niet tevoorschijn komen in hun zoekresultaten.",Yes,text,,public,,Can someone with a provisional driver's license become a member and therefore borrow my car?,Une personne possédant un permis de conduire provisoire peut-elle devenir membre et donc emprunter ma voiture ?,Kan iemand met een voorlopig rijbewijs lid worden en dus mijn auto ontlenen?,
faq-28-mag-iemand-anders-met-de-degage-auto-rijden-tijdens-,"Only Dégage members are allowed to drive the cars (in terms of insurance). For example, if you are traveling by car and want your travel partner to take the wheel, he or she must also become a member of Dégage. Are you both members of Dégage? No problem, the Dégage member who made the reservation will receive the bill. Passengers are always insured, even if they are not members of Dégage.","Seuls les membres Dégage sont autorisés à conduire les voitures (en termes d'assurance). Par exemple, si vous voyagez en voiture et souhaitez que votre compagnon de voyage prenne le volant, il doit également devenir membre de Dégage. Êtes-vous tous les deux membres de Dégage ? Pas de problème, le membre Dégage ayant effectué la réservation recevra la facture. Les passagers sont toujours assurés, même s'ils ne sont pas membres de Dégage.","Enkel Dégage-leden mogen de wagens besturen (i.k.v. de verzekering). Ben je bijv. op reis met de wagen en wil je het stuur laten overnemen door je reispartner, dan moet hij of zij ook lid worden van Dégage. Zijn jullie allebei lid van Dégage? Geen probleem, het Dégage-lid dat gereserveerd heeft, zal de afrekening ontvangen. De passagiers zijn altijd verzekerd, ook al zijn ze geen lid van Dégage.",Yes,text,,public,,Can someone else drive the Dégage car during my reservation? Am I insured then?,Quelqu'un d'autre peut-il conduire la voiture Dégage lors de ma réservation ? Suis-je assuré alors ?,Mag iemand anders met de Dégage-auto rijden tijdens mijn reservatie ? Ben ik dan verzekerd ?,
faq-29-mag-ik-met-een-voorlopig-rijbewijs-een-degage-auto-b,"A provisional driver's license is a valid driver's license. Owners may refuse this, so first contact the owner whose car you want to use personally. Roughly a quarter of owners allow a provisional driver's license. Learning to drive is therefore a search criterion in our reservation system.","Un permis de conduire provisoire est un permis de conduire valide. Les propriétaires peuvent refuser cela, alors contactez d'abord le propriétaire dont vous souhaitez utiliser personnellement la voiture. Environ un quart des propriétaires autorisent un permis de conduire provisoire. Apprendre à conduire est donc un critère de recherche dans notre système de réservation.","Een voorlopig rijbewijs is een geldig rijbewijs. Eigenaars mogen dit wel weigeren, dus neem eerst persoonlijk contact op met de eigenaar van wie je een auto wil gebruiken. Pakweg een kwart van de eigenaars laat een voorlopig rijbewijs toe. Leren rijden is daarom een zoekcriterium in ons reservatiesysteem.",Yes,text,,public,,Can I drive a Dégage car with a provisional driving licence?,Puis-je conduire une voiture Dégage avec un permis de conduire provisoire ?,Mag ik met een voorlopig rijbewijs een Dégage-auto besturen?,
faq-7-mag-ik-mijn-auto-uitlenen-aan-een-vriend-of-familiel,"Since you still own your car, this is possible, but Dégage advises against this, because the use of your car for everything falls outside the Dégage system. So PLEASE NOTE: our compensation fund will NOT intervene in the event of damage if a family member without Dégage membership damages your car. If your car no longer has comprehensive insurance through Ethias, but through Dégage's compensation fund, your car is not covered for your own damage.

Ethias (BA intervention for damage to third parties and/or comprehensive via Ethias for damage to your own car) can also have difficulty dealing with damage caused by non-members. If you cannot prevent an occasional user from using your car, please send us the name of this driver and the time of the trip. Then we decide from Dégage whether this person should become a member or not. 

Also know that the “shared kilometers” are not registered, so they are not taken into account when reimbursing car costs, etc.","Puisque vous êtes toujours propriétaire de votre voiture, cela est possible, mais Dégage vous le déconseille, car l'utilisation de votre voiture pour tout échappe au système Dégage. ATTENTION donc : notre fonds d'indemnisation n'interviendra PAS en cas de sinistre si un membre de votre famille non adhérent Dégage endommage votre voiture. Si votre voiture n'est plus assurée tous risques via Ethias, mais via la caisse d'indemnisation Dégage, votre voiture n'est pas couverte pour vos propres dommages.

Ethias (intervention BA pour les dommages aux tiers et/ou tous risques via Ethias pour les dommages causés à votre propre voiture) peut également avoir des difficultés à faire face aux dommages causés par des non-membres. Si vous ne pouvez pas empêcher un usager occasionnel d'utiliser votre voiture, merci de nous communiquer le nom de ce conducteur ainsi que l'heure du trajet. Ensuite, nous décidons avec Dégage si cette personne doit devenir membre ou non. 

Sachez également que les « kilomètres partagés » ne sont pas enregistrés, ils ne sont donc pas pris en compte lors du remboursement des frais de voiture, etc.","Aangezien jij nog steeds eigenaar bent van jouw wagen, kan dit, maar Dégage raadt dit wel af, omdat het gebruik van jouw auto dan voor alles buiten het Dégage-systeem valt. Dus OPGEPAST: ons schadefonds komt NIET tussen bij schade als een familielid zonder lidmaatschap bij Dégage schade berokkent aan je auto. Heeft je auto dus geen omnium meer lopen via Ethias, maar via het schadefonds van Dégage, dan is je auto niet gedekt voor eigen schade.

Ook Ethias (BA tussenkomst bij schade aan derden en/of omnium via Ethias bij schade aan je eigen auto) kan moeilijk doen bij schade door niet-leden. Kan je niet vermijden dat een occasionele gebruiker je auto gebruikt, stuur ons dan de naam van deze bestuurder door en tijdstip van de rit. Dan beslissen we vanuit Dégage of deze persoon lid moet worden of niet. 

Weet ook dat de “gedeelde kilometers” niet worden geregistreerd, waardoor er ook geen rekening mee gehouden wordt bij de terugbetaling van de autokosten, etc.",Yes,text,,public,,Can I lend my car to a friend or family member who is not a Dégage member?,Puis-je prêter ma voiture à un ami ou un membre de ma famille qui n'est pas membre Dégage ?,Mag ik mijn auto uitlenen aan een vriend of familielid die geen Dégage-lid is?,
faq-38-de-eigenaar-ontvangt-een-boete-vastgesteld-tijdens-e,"The owner first checks whether he can transfer the fine to the borrower's name. How to do this is stated on the back of the fine. For example, for GAS fines from the City of Ghent, you have 2 weeks to have them transferred. The owner requests the necessary information from the borrower. If the borrower does not hear anything within a few days (preferably within 48 hours), the owner will contact Dégage. After transferring the fine, the borrower keeps the owner informed about his/her payment or defense. 

If it is not possible to transfer the fine, the borrower will pay the fine directly. An owner never advances. For peace of mind, the owner can request proof of payment from the borrower.

In all cases the fine is paid by the borrower. Even if the fine remains in the name of the owner, know that Dégage can provide sufficient evidence that the owner is not the perpetrator of the fine.","Le propriétaire vérifie d'abord s'il peut transférer l'amende au nom de l'emprunteur. La manière de procéder est indiquée au dos de l’amende. Par exemple, pour les amendes GAS de la Ville de Gand, vous disposez de 2 semaines pour les faire transférer. Le propriétaire demande les informations nécessaires à l'emprunteur. Si l'emprunteur n'a aucune nouvelle au bout de quelques jours (de préférence sous 48 heures), le propriétaire contactera Dégage. Après avoir transféré l'amende, l'emprunteur tient le propriétaire informé de son paiement ou de sa défense. 

S’il n’est pas possible de transférer l’amende, l’emprunteur paiera directement l’amende. Un propriétaire n’avance jamais. Pour plus de tranquillité, le propriétaire peut demander une preuve de paiement à l’emprunteur.

Dans tous les cas, l'amende est payée par l'emprunteur. Même si l'amende reste au nom du propriétaire, sachez que Dégage peut fournir des preuves suffisantes que le propriétaire n'est pas l'auteur de l'amende.","De eigenaar kijkt eerst of die de boete kan overzetten op naam van de ontlener. Hoe dit moet, staat vermeld op de achterzijde van de boete. Zo heb je bij de GAS-boetes van Stad Gent 2 weken de tijd om die te laten overzetten. De eigenaar vraagt de nodige gegevens op bij de ontlener. Laat de ontlener binnen enkele dagen niks horen (bij voorkeur binnen 48u), dan contacteert de eigenaar Dégage. Na het overdragen van de boete houdt de ontlener de eigenaar op de hoogte over zijn/haar betaling of verweer. 

Kan het overzetten van de boete niet, dan betaalt de ontlener de boete rechtstreeks. Een eigenaar schiet nooit voor. Voor diens gemoedsrust kan de eigenaar een betalingsbewijs bij de ontlener opvragen.

In alle gevallen wordt de boete betaald door de ontlener. Zelfs al zou de boete op naam van eigenaar blijven staan, weet dat Dégage voldoende bewijs kan leveren dat de eigenaar niet de veroorzaker is van de boete.",Yes,text,,public,,"The owner receives a fine, determined during a trip by another driver. What now?","Le propriétaire reçoit une amende, déterminée lors d'un trajet par un autre conducteur. Et maintenant ?","De eigenaar ontvangt een boete, vastgesteld tijdens een rit van een andere bestuurder. Wat nu?",
faq-57-waar-kan-ik-de-app-van-het-reservatiesysteem-degapp-,"From January 1, 2025, we will discontinue the Dégage mobile app (as part of the development of a completely new membership app), but you can also install the current www.degapp.be on your smartphone. You can add this website to the home screen of your smartphone so that it is easily available. 

For Android this works like this:

  Open the Chrome browser

  Go to https://www.degapp.be

  Tap an icon with three dots at the top right

  Tap Add to Home Screen

  Give the site a recognizable title or leave the default name

  Tap Add > Add

This works similarly for iPhone/IPad:

  Open Safari.

  Go to https://www.degapp.be

  Tap the share button at the bottom (top of the iPad). That's the icon of a square with the arrow pointing up.

  Scroll down and tap Add to Home Screen.

  If necessary, tap the name of the site and type a different name.

  Tap Add.","À partir du 1er janvier 2025, nous cesserons l'application mobile Dégage (dans le cadre du développement d'une toute nouvelle application d'adhésion), mais vous pourrez également installer l'actuel www.degapp.be sur votre smartphone. Vous pouvez ajouter ce site Web à l'écran d'accueil de votre smartphone afin qu'il soit facilement disponible. 

Pour Android, cela fonctionne comme ceci :

  Ouvrez le navigateur Chrome

  Allez sur https://www.degapp.be

  Appuyez sur une icône avec trois points en haut à droite

  Appuyez sur Ajouter à l'écran d'accueil

  Donnez au site un titre reconnaissable ou laissez le nom par défaut

  Appuyez sur Ajouter > Ajouter

Cela fonctionne de la même manière pour iPhone/IPad :

  Ouvrez Safari.

  Allez sur https://www.degapp.be

  Appuyez sur le bouton de partage en bas (en haut de l'iPad). C'est l'icône d'un carré avec la flèche pointant vers le haut.

  Faites défiler vers le bas et appuyez sur Ajouter à l'écran d'accueil.

  Si nécessaire, appuyez sur le nom du site et saisissez un autre nom.

  Appuyez sur Ajouter.","Vanaf 1 januari 2025 zetten we de mobiele app van Dégage stop (in kader van de ontwikkeling van een volledig nieuwe ledenapp) maar ook het huidige www.degapp.be kan je op smartphone installeren. Je kan op het startscherm van je smartphone deze website toevoegen zodat die gemakkelijk beschikbaar is. 

Voor Android werkt dit zo:

  Open de browser Chrome

  Ga naar https://www.degapp.be

  Tik rechtsboven op een pictogram met drie stipjes

  Tik op Toevoegen aan startscherm

  Geef de site een herkenbare titel of laat de standaardbenaming staan

  Tik op Toevoegen > Toevoegen

Voor IPhone/IPad gaat dit gelijkaardig te werk:

  Open Safari.

  Ga naar https://www.degapp.be

  Tik onderin (bij de iPad bovenin) op de deelknop. Dat is het pictogram van een vierkant met het pijltje naar boven.

  Scrol naar beneden en tik op Zet op beginscherm.

  Tik eventueel op de naam van de site en typ een andere naam.

  Tik op Voeg toe.",Yes,text,,public,,Where can I find the 'app' of the Degapp reservation system?,Où puis-je trouver « l'application » du système de réservation Degapp ?,Waar kan ik de 'app' van het reservatiesysteem Degapp terugvinden?,
faq-52-hoe-vraag-ik-een-milieuvignet-aan-en-wie-betaalt-dez,"If you go to a city or region abroad with low emission zones, apply for an environmental vignette through the relevant authority. Waiting time and necessary documents depend greatly on which environmental vignette. Sometimes just entering a license plate is sufficient, sometimes you need the owner for the additional information. Waiting time can range from a few days to 4 weeks before your departure. You can always first ask the owner whether the car already has the correct and valid environmental sticker. Be careful, there are many variations in vignette and some have a limited validity. Here you will find a useful overview. The cost of an environmental vignette is fully paid by the user who wants to request the vignette for his trip. If the request is made by the owner, this cost cannot be entered as a car cost.","Si vous vous rendez dans une ville ou une région à l'étranger dotée de zones à faibles émissions, demandez une vignette environnementale auprès de l'autorité compétente. Le temps d'attente et les documents nécessaires dépendent grandement de la vignette environnementale. Parfois, il suffit de saisir une plaque d'immatriculation, parfois vous avez besoin du propriétaire pour obtenir des informations supplémentaires. Le temps d'attente peut varier de quelques jours à 4 semaines avant votre départ. Vous pouvez toujours d’abord demander au propriétaire si la voiture possède déjà la vignette environnementale correcte et valide. Attention, il existe de nombreuses variantes de vignette et certaines ont une validité limitée. Vous trouverez ici un aperçu utile. Le coût d'une vignette environnementale est entièrement à la charge de l'usager qui souhaite demander la vignette pour son déplacement. Si la demande est faite par le propriétaire, ce coût ne peut pas être comptabilisé comme coût de voiture.","Ga je naar een stad of regio in het buitenland met lage emissiezones, vraag dan een milieuvignet aan via de desbetreffende instantie. Wachttijd en nodige documenten hangen sterk af van welk milieuvignet. Soms volstaat het ingeven van een nummerplaat, soms heb je de eigenaar nodig voor de extra gegevens. Wachttijd kan gaan van enkele dagen tot 4 weken voor je vertrek. Je kan altijd eerst de eigenaar vragen of de auto al over het juiste én geldige milieuvignet beschikt. Opgepast, er bestaan heel wat variaties in vignet én sommigen zijn beperkt geldig. Hier vind je een handig overzicht. De kost van een milieuvignet wordt integraal betaald door de gebruiker die het vignet voor zijn reis wil aanvragen. Gebeurt de aanvraag door de eigenaar, dan kan deze kost niet worden ingevoerd als autokost.",Yes,text,,public,,How do I apply for an environmental vignette and who pays for it?,Comment demander une vignette environnementale et qui la paie ?,Hoe vraag ik een milieuvignet aan en wie betaalt deze?,
faq-16-wat-moet-aanwezig-zijn-in-de-auto,"Make sure that your Dégage folder in the car always contains the documents below. You can find the customizable attachments via the owner's section. 

  Sufficient blank mileage sheets with all the necessary information noted on them, such as contact details, roadside assistance (via brand or VAB Assistance), parking permit, ...

  European accident form pre-completed: we strongly recommend that you fill in the known information (insurance policy, etc.) in advance. This provides comfort for the driver in stressful situations. Request a pre-completed form via Dégage if you no longer have it in the car.

  'first aid in the event of a breakdown': enter the correct telephone number for breakdown assistance

  'first aid in the event of an accident' sheet: enter the correct telephone number for assistance in the event of an accident

  Correctly completed damage log: keep it up to date. Only the owner will adjust this in the event of new damage. This way the driver knows whether the damage was already there or not.

  Parking receipts on which the borrower can note where he parked the car, if you live in a region where the car cannot be parked in front of the door.

In addition, you are obliged to keep the vehicle documents and the mandatory attributes in the car (for Belgium: first-aid kit, fire extinguisher, at least 1 high-vis vest and a warning triangle).","Assurez-vous que votre dossier Dégage dans la voiture contient toujours les documents ci-dessous. Vous pouvez trouver les pièces jointes personnalisables via la section propriétaire. 

  Des fiches kilométriques vierges en nombre suffisant sur lesquelles sont notées toutes les informations nécessaires telles que coordonnées, assistance routière (via la marque ou VAB Assistance), autorisation de stationnement, ...

  Formulaire européen d'accident pré-rempli : nous vous recommandons vivement de renseigner au préalable les informations connues (police d'assurance, etc.). Cela offre un confort au conducteur dans des situations stressantes. Demandez un formulaire pré-rempli via Dégage si vous ne l'avez plus dans la voiture.

  « premiers secours en cas de panne » : saisissez le numéro de téléphone correct pour le dépannage

  Fiche « premiers secours en cas d'accident » : indiquez le bon numéro de téléphone pour obtenir de l'aide en cas d'accident

  Journal des dégâts correctement complété : tenez-le à jour. Seul le propriétaire réglera celui-ci en cas de nouveaux dégâts. De cette façon, le conducteur sait si les dégâts étaient déjà là ou non.

  Des reçus de stationnement sur lesquels l'emprunteur peut noter où il a garé la voiture, si vous habitez dans une région où la voiture ne peut pas être garée devant la porte.

De plus, vous êtes obligé de conserver les papiers du véhicule et les attributs obligatoires dans la voiture (pour la Belgique : trousse de premiers secours, extincteur, au moins 1 gilet haute visibilité et un triangle de signalisation).","Zorg dat je Dégage-mapje in de auto steeds onderstaande documenten bevat. Je vindt via het eigenaarsluik de aanpasbare bijlagen terug. 

  Voldoende blanco kilometerbladen met daarop al de nodige info genoteerd, zoals contactgegevens, pechhulp (via merk of VAB Assistance), parkeervergunning, ...

  Europees aanrijdingsformulier vooringevuld: we raden sterk aan om alvast de gekende gegevens (verzekeringspolis, etc…) in te vullen. In stresssituaties zorgt dit voor een gemak voor de bestuurder. Vraag een vooringevuld formulier via Dégage mocht je deze niet meer hebben in de auto.

  fiche 'eerste hulp bij pech': vul het juiste telefoonnummer in van bijstand bij pech

  fiche 'eerste hulp bij ongeval': vul het juiste telefoonnummer in van bijstand bij ongeval

  Correct aangevuld schadelogboek: hou het up-to-date. Enkel de eigenaar past deze aan bij nieuwe schade. Zo weet de bestuurder of de schade er al was of niet.

  Parkeerbonnetjes waarop de ontlener kan noteren waar hij de auto heeft geparkeerd, indien je in een regio woont waar de auto niet voor de deur geparkeerd kan worden.

Daarnaast ben je verplicht om de boorddocumenten en de verplichte attributen in de auto te bewaren (voor België: verbanddoos, brandblusser, minimum 1 fluohesje en een gevarendriehoek).",Yes,text,,public,,What must be present in the car?,Que doit-il y avoir dans la voiture ?,Wat moet aanwezig zijn in de auto?,
faq-36-kan-ik-met-de-auto-naar-het-buitenland,"Yes, but please report it to the owner. The owner can then provide you with the required on-board documents (registration certificate, inspection certificate, certificate of conformity). Also remember the spare key (which you give to your traveling companion), always useful if you lose it. Be sure to check in advance the rules that apply abroad, such as Low Emission Zone or winter tires. It is the borrower's responsibility to comply with local law.

BREAKDOWN ASSISTANCE ABROAD

Our roadside assistance is valid as standard within the Benelux (VAB). We have an agreement with VAB that nothing is paid on site by the borrower.

Roadside assistance outside Benelux (Europe) is optional. Check the car sheet to see which roadside assistance it has. If 'Europe' is stated, the roadside assistance is also valid outside the Benelux (within Europe). If the car does not have breakdown assistance outside the Benelux, you can make use of local options: read our tips here.

We notice that virtually no interventions are needed for holidays outside the Benelux (2 interventions in 2024, none in 2023). Not requesting this as standard is cost-efficient for Dégage. If you prefer VAB roadside assistance in Europe, you can request this 7 days before departure. This coverage will then remain valid until 12/31/2025. You can request this here. You can no longer do this if you are already on your way to your destination or you have already arrived at your destination. The application is paid by Dégage.","Oui, mais merci de le signaler au propriétaire. Le propriétaire pourra alors vous fournir les documents de bord requis (certificat d'immatriculation, certificat de contrôle, certificat de conformité). Pensez également au double de clé (que vous remettez à votre compagnon de voyage), toujours utile en cas de perte. Assurez-vous de vérifier à l'avance les règles applicables à l'étranger, comme la zone de basses émissions ou les pneus d'hiver. Il est de la responsabilité de l'emprunteur de se conformer à la législation locale.

ASSISTANCE DÉPANNAGE À L'ÉTRANGER

Notre assistance routière est valable en standard au Benelux (VAB). Nous avons un accord avec VAB selon lequel rien n'est payé sur place par l'emprunteur.

L’assistance routière en dehors du Benelux (Europe) est facultative. Consultez la fiche de la voiture pour voir de quelle assistance routière elle dispose. Si « Europe » est indiqué, l'assistance routière est également valable en dehors du Benelux (en Europe). Si la voiture ne dispose pas de dépannage en dehors du Benelux, vous pouvez recourir aux options locales : lisez nos conseils ici.

On constate que pratiquement aucune intervention n'est nécessaire pour les vacances hors Benelux (2 interventions en 2024, aucune en 2023). Ne pas l’exiger en standard est rentable pour Dégage. Si vous préférez l'assistance routière VAB en Europe, vous pouvez en faire la demande 7 jours avant le départ. Cette garantie restera alors valable jusqu'au 31/12/2025. Vous pouvez en faire la demande ici. Vous ne pouvez plus le faire si vous êtes déjà en route vers votre destination ou si vous êtes déjà arrivé à destination. La demande est payée par Dégage.","Ja, maar meld het aan de eigenaar. De eigenaar kan jou dan de vereiste boorddocumenten (kentekenbewijs, keuringsbewijs, conformiteitsattest) meegeven. Denk ook aan de reservesleutel (die je geeft aan je reisgenoot), altijd handig mocht je deze verliezen. Zoek zeker op voorhand de regels die gelden in het buitenland zoals Lage Emissiezone of winterbanden. Het is de verantwoordelijkheid van de ontlener om in regel te zijn met de lokale wet.

PECHHULP IN HET BUITENLAND

Onze pechhulp is standaard geldig binnen de Benelux (VAB). We hebben de afspraak met VAB dat er ter plaatse niks wordt betaald door de ontlener.

Pechbijstand buiten Benelux (Europa) is optioneel. Kijk in de autofiche welke pechhulp die heeft. Staat 'Europa' vermeld, dan is de pechhulp ook geldig buiten de Benelux (binnen Europa). Heeft de auto geen pechbijstand buiten Benelux, dan kan je ter plaatse beroep doen op de lokale mogelijkheden: lees hier onze tips.

We merken dat er quasi geen interventies nodig zijn bij vakanties buiten Benelux (in 2024 2 interventies, in 2023 geen). Dit niet standaard aanvragen, is kostenefficiënt voor Dégage. Wil je toch liever VAB-pechbijstand in Europa, dan kan je 7 dagen vóór vertrek dit aanvragen. Deze dekking blijft dan geldig tot 31/12/2025. Je kan dit hier aanvragen. Je kan dit niet meer doen als je al onderweg bent naar je bestemming of je reeds op je bestemming bent aangekomen. De aanvraag wordt betaald door Dégage.",Yes,text,,public,,Can I go abroad by car?,Puis-je partir à l’étranger en voiture ?,Kan ik met de auto naar het buitenland?,
faq-55-kan-ik-met-een-degage-wagen-naar-de-carwash,"Yes please! As an owner, you can declare 1 car wash cost every month as a car expense. As a borrower, would you like to go to the car wash with a car? Top! Ask the owner if you can take your car to the car wash and, if so, whether there are anything else you need to take into account. After the car wash, forward the receipt to the owner, together with your account number. The owner will pay you back and deduct the cost from the car costs.","Oui s'il vous plait! En tant que propriétaire, vous pouvez déclarer 1 frais de lavage de voiture chaque mois comme dépense automobile. En tant qu'emprunteur, vous souhaitez vous rendre au lave-auto avec une voiture ? Haut! Demandez au propriétaire si vous pouvez amener votre voiture au lave-auto et, si oui, s'il y a d'autres éléments à prendre en compte. Après le lavage de la voiture, envoyez le reçu au propriétaire, accompagné de votre numéro de compte. Le propriétaire vous remboursera et déduira le coût des frais de voiture.","Ja graag! Als eigenaar kan je elke maand 1x carwash kost aangeven als auto-kost. Wil je als ontlener graag eens naar de carwash met een wagen? Top! Vraag de eigenaar of je naar de carwash mag met de wagen, en zoja, of je nog met iets rekening moet houden. Na de carwash stuur je het bonnetje door naar de eigenaar, samen met jouw rekeningnummer. De eigenaar betaalt jou terug en de brengt de kost ervan in bij de autokosten.",Yes,text,,public,,Can I go to the car wash with a Dégage?,Puis-je aller au lave-auto avec un Dégage ?,kan ik met een Dégage wagen naar de carwash?,
faq-37-mag-ik-met-de-auto-naar-het-containerpark-of-huisdie,"Many owners (often with newer cars) refuse such reservations. You can read this in their car description. If it is allowed, be sure to mention it when making the reservation and return the car properly.","De nombreux propriétaires (souvent possédant des voitures plus récentes) refusent de telles réservations. Vous pouvez lire cela dans la description de leur voiture. Si cela est autorisé, assurez-vous de le mentionner lors de la réservation et de restituer la voiture correctement.","Veel eigenaars (vaak met nieuwere auto’s) weigeren dergelijke reservaties. Dit lees je dan bij hun autobeschrijving. Mag het toch, vermeld het dan zeker bij de reservatie en breng de auto netjes terug.",Yes,text,,public,,Can I take my car to the container park or transport pets?,Puis-je emmener ma voiture au parc à conteneurs ou transporter des animaux de compagnie ?,Mag ik met de auto naar het containerpark of huisdieren vervoeren?,
faq-61-hoe-kan-ik-mijn-lidmaatschap-bij-degage-stopzetten,"You can unsubscribe as a member at any time, although for administrative reasons we would like you to remain a member for a year. 

If you want to cancel your membership, you must send an email to info@degage.be with cancellation of membership NAME FIRST NAME in the subject. Then the volunteer in question can arrange this for you. She does this once a month.

If your statements have been paid in full, you will receive your deposit in full after deletion (to the account number known to us).

Please know that if you do not drive within Dégage, you do not pay anything. So you can also be a dormant member of Dégage instead of terminating your membership. This way you avoid having to pay the entry fee again in the future if you want to become a member again.","Vous pouvez vous désinscrire en tant que membre à tout moment, même si pour des raisons administratives, nous souhaitons que vous restiez membre pendant un an. 

Si vous souhaitez annuler votre adhésion, vous devez envoyer un email à info@degage.be avec annulation d'adhésion NOM PRENOM en objet. Le bénévole en question peut alors organiser cela pour vous. Elle fait ça une fois par mois.

Si vos relevés ont été intégralement payés, vous recevrez l'intégralité de votre acompte après suppression (au numéro de compte que nous connaissons).

Sachez que si vous ne circulez pas dans Dégage, vous ne payez rien. Vous pouvez donc également être membre dormant de Dégage au lieu de mettre fin à votre adhésion. De cette façon, vous évitez de devoir payer à nouveau les frais d'inscription à l'avenir si vous souhaitez redevenir membre.","Je kan je op elk moment uitschrijven als lid, al hebben we om administratieve redenen graag dat je een jaartje lid blijft. 

Als je je lidmaatschap wil schrappen, dien je een mailtje te sturen naar info@degage.be met in het onderwerp schrapping lidmaatschap NAAM VOORNAAM. Dan kan de betreffende vrijwilliger dit voor je regelen. Dit doet ze één keer per maand.

Indien je afrekeningen volledig betaald zijn, krijg je je waarborg na schrapping volledig terug (op het door ons gekende rekeningnummer).

Weet dat, als je niet rijdt binnen Dégage, ook niks betaalt. Je kan dus ook slapend lid zijn van Dégage in plaats van je lidmaatschap stop te zetten. Zo vermijd je in de toekomst de instapsom opnieuw te moeten betalen, als je toch weer lid wil worden.",Yes,text,,public,,How can I cancel my membership with Dégage?,Comment puis-je résilier mon adhésion à Dégage ?,Hoe kan ik mijn lidmaatschap bij Dégage stopzetten?,
faq-62-hoe-stop-ik-met-mijn-auto-te-delen-via-degage,"Too bad you want to stop. You may have a good reason. In any case, a big thank you for sharing your car with us! To stop as an owner via Dégage, send an email to info@degage.be. We will then explain to you what you need to do to get your car from Dégage.

You can already do this:

  Block the days on which you no longer want to share, so that borrowers cannot reserve the car. Together we will agree on a date on which the car will be deactivated. The best time to stop is at the end of a quarter. The least ideal is at the beginning of a quarter.

  If you keep the car for yourself, you must take out your own policy with an insurer of your choice. If you want to stay with Ethias, koen.duckaert@ethias.be can help you further. We ask you to take out your own insurance no later than 2 months after deactivating your car. This is to ensure that we do not have non-shared vehicles on our fleet policy. You can request a damage certificate if you wish.

  If you sell the car, we need proof that the license plate has been deleted.

  As long as we do not have proof of cancellation or new insurance, the car remains insured. We will subsequently draw up a credit note for the remaining premium days and pay them to the account number known to us.

  At the same time we will also revoke your parking ticket (if applicable). By then you must reactivate your resident card.","Dommage que tu veuilles arrêter. Vous avez peut-être une bonne raison. En tout cas, un grand merci de partager votre voiture avec nous ! Pour vous arrêter en tant que propriétaire via Dégage, envoyez un email à info@degage.be. Nous vous expliquerons ensuite la marche à suivre pour récupérer votre voiture chez Dégage.

Vous pouvez déjà faire ceci :

  Bloquez les jours où vous ne souhaitez plus partager, afin que les emprunteurs ne puissent pas réserver la voiture. Ensemble, nous convenirons d'une date à laquelle la voiture sera désactivée. Le meilleur moment pour s’arrêter est à la fin d’un trimestre. Le moins idéal se situe au début d’un trimestre.

  Si vous gardez la voiture pour vous, vous devez souscrire votre propre contrat auprès d'un assureur de votre choix. Si vous souhaitez rester chez Ethias, koen.duckaert@ethias.be peut vous aider davantage. Nous vous demandons de souscrire votre propre assurance au plus tard 2 mois après la désactivation de votre voiture. Ceci afin de garantir que notre politique de flotte ne comporte pas de véhicules non partagés. Vous pouvez demander un certificat de dégâts si vous le souhaitez.

  Si vous vendez la voiture, nous avons besoin d'une preuve que la plaque d'immatriculation a été supprimée.

  Tant que nous n'avons pas de justificatif d'annulation ou de nouvelle assurance, la voiture reste assurée. Nous établirons ensuite un avoir pour les jours de prime restants et les paierons sur le numéro de compte que nous connaissons.

  Dans le même temps, nous révoquerons également votre ticket de stationnement (le cas échéant). D’ici là, vous devez réactiver votre carte de résident.","Jammer dat je ermee wil stoppen. Wellicht heb je een goede reden. In ieder geval wel een grote dank je wel om je auto bij ons gedeeld te hebben! Om als eigenaar te stoppen via Dégage, stuur je een mailtje naar info@degage.be. Dan leggen we op maat uit wat je moet doen om je auto uit Dégage te halen.

Dit kan je alvast doen:

  Blokkeer de dagen waarop je niet meer wil delen, zodat ontleners de auto niet kunnen reserveren. Samen zullen we een datum afspreken waarop de auto op non-actief wordt gezet. Het beste tijdstip om te stoppen is op het einde van een kwartaal. Het minst ideale is aan het begin van een kwartaal.

  Hou je de auto voor jezelf, dan dien je een eigen polis aan te gaan bij een verzekeraar naar keuze. Mocht je bij Ethias willen blijven dan kan koen.duckaert@ethias.be je verder helpen. We vragen om een eigen verzekering aan te gaan ten laatste 2 maanden na het deactiveren van je auto. Dat is om ervoor te zorgen dat we geen niet-gedeelde wagens op onze vlootpolis hebben hangen. Je kan een schadeattest opvragen indien je dit wenst.

  Verkoop je de auto, dan hebben we een bewijs nodig van schrapping van de nummerplaat.

  Zolang we geen bewijs van schrapping of nieuwe verzekering hebben, blijft de auto verzekerd. We zullen nadien een creditnota opmaken voor de resterende premiedagen en die uitbetalen op het door ons gekende rekeningnummer.

  Op hetzelfde moment zullen we ook je parkeerkaart intrekken (indien van toepassing). Tegen die tijd dien je je bewonerskaart terug te activeren.",Yes,text,,public,,How do I stop sharing my car via Dégage?,Comment arrêter de partager ma voiture via Dégage ?,Hoe stop ik met mijn auto te delen via Dégage?,
faq-63-hoeveel-bedraagt-het-instapgeld-van-degage,"If you become a member of Dégage, you pay a one-off fee of 35 euros upon joining. From 1/1/2025 this entry fee will be 45 euros.","Si vous devenez membre de Dégage, vous payez une cotisation unique de 35 euros lors de votre adhésion. A partir du 1/1/2025, ce droit d'entrée sera de 45 euros.","Als je lid wordt van Dégage, dan betaal je bij instap eenmalig 35 euro. Vanaf 1/1/2025 bedraagt deze instapsom 45 euro.",Yes,text,,public,,How much is Dégage's entry fee?,Combien coûtent les frais d'entrée de Dégage ?,Hoeveel bedraagt het instapgeld van Dégage?,
faq-5-ik-heb-een-infosessie-voor-ontleners-gevolgd-en-wil-,"If you want to complete your membership, complete the following steps:

  Log in again

  Complete your profile further

  Click on request full membership

  Read and sign the agreement online

  Pay deposit and entry fee (with structured communication that you will automatically receive by email after signing the contract)

  Payments are processed once per working day. Depending on the bank you made your deposit from, a payment may take 1-3 business days to arrive.

  Once processed, you will receive an automatic email to confirm your membership. Just log out and log in again from degapp.be so that you can reserve cars.","Si vous souhaitez finaliser votre adhésion, procédez comme suit :

  Connectez-vous à nouveau

  Complétez davantage votre profil

  Cliquez sur demander une adhésion complète

  Lire et signer l'accord en ligne

  Payer l'acompte et les frais d'entrée (avec une communication structurée que vous recevrez automatiquement par email après la signature du contrat)

  Les paiements sont traités une fois par jour ouvrable. Selon la banque auprès de laquelle vous avez effectué votre dépôt, un paiement peut prendre 1 à 3 jours ouvrables pour arriver.

  Une fois traité, vous recevrez un e-mail automatique pour confirmer votre adhésion. Déconnectez-vous et reconnectez-vous simplement de degapp.be pour pouvoir réserver des voitures.","Als je je lidmaatschap wil afronden, dan doorloop je volgende stappen:

  Log opnieuw in

  Vul je profiel verder aan

  Klik door op volwaardig lidmaatschap aanvragen

  Lees en onderteken online de overeenkomst

  Betaal waarborg en instapgeld (met gestructureerde mededeling die je automatisch via mail zal ontvangen na tekenen contract)

  Betalingen worden 1 keer per werkdag verwerkt. Afhankelijk van de bank waarvan jij je storting deed, kan een betaling 1-3 werkdagen onderweg zijn.

  Van zodra verwerkt, krijg je een automatisch mailtje om je lidmaatschap te bevestigen. Even uitloggen en weer inloggen van degapp.be zorgt dat je wagens kan reserveren.",Yes,text,,public,,I attended an information session for borrowers and now want to become a member. What should I do?,J'ai assisté à une séance d'information destinée aux emprunteurs et je souhaite maintenant devenir membre. Que dois-je faire?,Ik heb een infosessie voor ontleners gevolgd en wil nu lid worden. Wat moet ik doen?,
faq-51-kan-ik-mijn-eenmalig-inschrijvingsgeld-terugkrijgen-,"This is only possible if the municipality or city actively chooses to do so. Currently, only Oostkamp, Bonheiden, Deinze and Nazareth-De Pinte refund the registration fee. If you are eligible, you can get the sum back by contacting the municipality yourself. Mechelen, Ghent and Sint-Niklaas have stopped this action.","Cela n’est possible que si la commune ou la ville choisit activement de le faire. Actuellement, seuls Oostkamp, Bonheiden, Deinze et Nazareth-De Pinte remboursent les frais d'inscription. Si vous êtes éligible, vous pouvez récupérer la somme en contactant vous-même la commune. Malines, Gand et Saint-Nicolas ont stoppé cette action.","Dat kan enkel als de gemeente of stad daar actief voor kiest. Momenteel betalen enkel Oostkamp, Bonheiden, Deinze en Nazareth-De Pinte het inschrijvingsgeld terug. Kom je in aanmerking, dan kan je de som terugkrijgen door zelf contact op te nemen met de gemeente. Mechelen, Gent en Sint-Niklaas zijn deze actie gestopt.",Yes,text,,public,,Can I get my one-off registration fee back from my municipality or city?,Puis-je récupérer mes frais d'inscription uniques auprès de ma commune ou de ma ville ?,Kan ik mijn eenmalig inschrijvingsgeld terugkrijgen van mijn gemeente of stad?,
faq-6-mijn-partner-of-gezinslid-wil-ook-lid-worden-wat-moe,"If your family member also wants to become a Dégage member, they no longer need to attend an information session. You do explain Dégage well. The FAQ and rules in Degapp (see left column) are certainly interesting for this. We see family members as people who live under the same roof and live together (e.g. occasionally use the car together). We assume that family members see each other how they use Dégage and chat about it. 

Your family member must therefore become a separate member. 

You can invite your family member via the 'family members' button and they will then receive an invitation email. If your partner had already registered in the past, simply send us an email with their email address. Because then the 'family members' button will not work.

After this, the family members must go through the following steps:

  Complete your profile further

  Click on ""request full membership""

  Read and sign the agreement online

  Pay deposit and entry fee (with structured communication that you will automatically receive by email after signing the contract)

The invoicing always goes to the person who made the reservation. Who makes the reservation is only important for invoicing, not for insurance.","Si un membre de votre famille souhaite également devenir membre Dégage, il n'a plus besoin d'assister à une séance d'information. Vous expliquez bien Dégage. La FAQ et les règles de Degapp (voir colonne de gauche) sont certainement intéressantes à cet égard. Nous considérons les membres d'une famille comme des personnes qui vivent sous le même toit et vivent ensemble (par exemple, ils utilisent occasionnellement la voiture ensemble). Nous supposons que les membres de la famille se voient comment ils utilisent Dégage et en discutent. 

Le membre de votre famille doit donc devenir un membre distinct. 

Vous pouvez inviter un membre de votre famille via le bouton « membres de la famille » et il recevra alors un email d'invitation. Si votre partenaire s'était déjà inscrit par le passé, envoyez-nous simplement un e-mail avec son adresse e-mail. Car alors le bouton « Membres de la famille » ne fonctionnera pas.

Après cela, les membres de la famille doivent suivre les étapes suivantes :

  Complétez davantage votre profil

  Cliquez sur « demander une adhésion complète »

  Lire et signer l'accord en ligne

  Payer l'acompte et les frais d'entrée (avec une communication structurée que vous recevrez automatiquement par email après la signature du contrat)

La facturation revient toujours à la personne qui a effectué la réservation. La personne qui effectue la réservation n'a d'importance que pour la facturation, pas pour l'assurance.","Als je gezinslid ook Dégage-lid wil worden, dan hoeft die geen infosessie meer te volgen. Wel leg je Dégage goed uit. De FAQ en spelregels in Degapp (zie linkerkolom) zijn hiervoor zeker interessant. We zien gezinsleden als personen die onder hetzelfde dak wonen én samen leven (bv. af en toe ook samen de auto gebruiken). We gaan er vanuit dat gezinsleden van elkaar zien hoe ze Dégage gebruiken en erover babbelen. 

Je gezinslid moet dus wel apart lid worden. 

Je kan je gezinslid via de knop 'gezinsleden' uitnodigen en die krijgt hiervoor dan een uitnodigingsmail. Had je partner in het verleden zich al geregistreerd, dan stuur je ons gewoon een mailtje met diens mailadres. Want dan werkt de knop 'gezinsleden' niet.

Hierna moeten de gezinsleden volgende stapjes doorlopen:

  Vul je profiel verder aan

  Klik door op ""volwaardig lidmaatschap aanvragen""

  Lees en onderteken online de overeenkomst

  Betaal waarborg en instapgeld (met gestructureerde mededeling die je automatisch via mail zal ontvangen na tekenen contract)

De facturatie komt steeds terecht bij de persoon die reservatie maakte. Wie de reservatie doet is enkel belangrijk voor de facturatie, niet voor de verzekeringen.",Yes,text,,public,,My partner or family member also wants to become a member. What should he do?,Mon partenaire ou un membre de ma famille souhaite également devenir membre. Que doit-il faire ?,Mijn partner of gezinslid wil ook lid worden. Wat moet die doen?,
faq-43-waarom-moet-ik-een-waarborg-van-75-eur-betalen,"As a Dégage member you can rely on many services from the non-profit organization. The deposit is initially requested to cover excessive damage in the group. As a user, but also as an owner, because this could also happen to your car. We therefore follow a solidarity principle in this. In any case, know that there is a very good chance that you will get all or part of your deposit back after you leave.

By sharing your car within Dégage or using a car, you can benefit from:

  assistance from Dégage in the event of damage

  an affordable car sharing insurance that is adapted to car sharing

  roadside assistance

  access to the entire car and bicycle fleet

  online reservation system and app

  central administration and settlement of all your shared rides

We also ask partners or children to become members separately (and therefore pay a deposit). This is for the same reason as described above. This also makes it administratively easy to monitor any family changes.","En tant que membre Dégage, vous pouvez compter sur de nombreux services de l'organisme à but non lucratif. La caution est initialement demandée pour couvrir les dégâts excessifs dans le groupe. En tant qu’utilisateur, mais aussi en tant que propriétaire, car cela pourrait aussi arriver à votre voiture. Nous suivons donc un principe de solidarité en la matière. Dans tous les cas, sachez qu’il y a de très fortes chances que vous récupériez tout ou partie de votre caution après votre départ.

En partageant votre voiture au sein de Dégage ou en utilisant une voiture, vous bénéficiez de :

  assistance de Dégage en cas d'avarie

  une assurance autopartage abordable et adaptée à l'autopartage

  assistance routière

  accès à toute la flotte de voitures et de vélos

  système et application de réservation en ligne

  administration centrale et règlement de tous vos trajets partagés

Nous demandons également aux partenaires ou aux enfants de devenir membres séparément (et donc de payer une caution). C'est pour la même raison que celle décrite ci-dessus. Cela facilite également le suivi administratif de tout changement familial.","Als Dégage-lid kan je beroep doen op heel wat diensten van de vzw. De waarborg wordt initieel gevraagd om te grote schadegevallen in de groep te kunnen dekken. Als gebruiker, maar ook als eigenaar, want dit zou ook met jouw wagen kunnen gebeuren. Hierin volgen we dus een solidariteitsprincipe. Weet sowieso dat de kans heel groot is dat je de waarborg geheel of gedeeltelijk terugkrijgt na uitstap.

Door je auto binnen Dégage te delen of een auto te gebruiken, kan je onder meer beroep doen op :

  hulp van Dégage bij schade

  een voordelige autodeelverzekering die aangepast is aan autodelen

  pechverhelping

  toegang tot de hele auto- en fietsvloot

  online reservatiesysteem en app

  centrale administratie en afrekening van al je gedeelde ritten

Ook partners of kinderen vragen we apart lid te worden (en dus waarborg te betalen). Dit om dezelfde reden als hierboven beschreven. Ook maakt dit eventuele gezinswijzigingen administratief eenvoudig op te volgen.",Yes,text,,public,,Why do I have to pay a deposit of EUR 75?,Pourquoi dois-je payer une caution de 75 EUR ?,Waarom moet ik een waarborg van 75 EUR betalen?,
faq-49-wanneer-ben-ik-lid-kan-ik-wagens-reserveren,"If you included the correct structured message with your payment, your membership will be arranged automatically. Please note, payments are processed once per working day. And depending on the bank from which you made your deposit, a payment can take 1 to 3 working days. You will receive an automatic email to confirm your membership. Just log out and log in again from degapp.be so that you can reserve cars.","Si vous avez inclus le message structuré correct avec votre paiement, votre adhésion sera organisée automatiquement. Veuillez noter que les paiements sont traités une fois par jour ouvrable. Et selon la banque auprès de laquelle vous avez effectué votre dépôt, un paiement peut prendre 1 à 3 jours ouvrés. Vous recevrez un email automatique pour confirmer votre adhésion. Déconnectez-vous et reconnectez-vous simplement sur degapp.be pour pouvoir réserver des voitures.","Als je de juiste gestructureerde mededeling overnam bij je betaling, zal je lidmaatschap automatisch in orde gebracht worden. Opgepast, betalingen worden 1 keer per werkdag verwerkt. En afhankelijk van de bank waarvan jij je storting deed, kan een betaling 1 à 3 werkdagen onderweg zijn. Je krijgt een automatisch mailtje om je lidmaatschap te bevestigen. Even uitloggen en weer inloggen van degapp.be zorgt dat je wagens kan reserveren.",Yes,text,,public,,When am I a member/can I reserve cars?,Quand suis-je membre/puis-je réserver des voitures ?,Wanneer ben ik lid/kan ik wagens reserveren?,
faq-19-mag-een-degage-auto-op-parkeerplaatsen-staan-die-ger,"In some cities and municipalities, the local government has provided these reserved parking spaces for car sharing. More specifically in:

GHENT: 

  There are general car-sharing spaces (P without signs and without parking brackets): these can be used by the shared cars of all recognized organizations, including the Ghent Dégage shared cars (= shared cars that have a valid parking permit for Ghent).

  If there is a sign from a specific organization, the parking space is reserved for cars from that organization. Dégage also has such a plate in Ghent.

  Dégage's shared cars are known to the City of Ghent through their license plate. Sometimes people from the police or city guard are not aware of this and speak to you. You can certainly refer them to the mobility company at such a time. The mobility company is the only one that can fine and that during office hours. Calling the police is not an option.

  The car sharing space is not a private parking space. This remains for everyone who participates in car sharing. If there is a non-shared vehicle in the parking space, please request flyers for illegal parking from Dégage.

OTHER CITIES:

  Mechelen: general parking spaces for car sharing (also available for our Mechelen Dégage cars)

  Halle: general parking spaces for car sharing (also available for our Halse Dégage cars)

  Antwerp: general parking spaces for car sharing (also available for our Antwerp Dégage cars)

  Sint-Niklaas: general parking spaces for car sharing (also available for our Sint-Niklase Dégage cars)

  Kortrijk: general parking spaces for car sharing (also available for our Kortrijk Dégage cars)

Message to the owner: It is possible to have the car stickered on both sides with a Dégage sticker and/or on the rear window of the car: this gives visibility to our organization, but it can also make the car known as a shared car in the area, when you park at a car sharing spot. If you are the owner and would like a Dégage sticker, please send us an email.","Dans certaines villes et communes, le gouvernement local a mis à disposition ces places de stationnement réservées au covoiturage. Plus précisément dans :

GAND : 

  Il existe des places de covoiturage générales (P sans panneaux et sans supports de stationnement) : elles peuvent être utilisées par les voitures partagées de toutes les organisations reconnues, y compris les voitures partagées Gand Dégage (= voitures partagées disposant d'un permis de stationnement valable pour Gand).

  S'il y a un panneau d'une organisation spécifique, l'espace de stationnement est réservé aux voitures de cette organisation. Dégage possède également une telle assiette à Gand.

  Les voitures partagées de Dégage sont connues de la Ville de Gand grâce à leur plaque d'immatriculation. Parfois, les gens de la police ou de la garde municipale ne le savent pas et vous en parlent. Vous pouvez certainement les orienter vers l'entreprise de mobilité à ce moment-là. L'entreprise de mobilité est la seule à pouvoir infliger une amende et cela pendant les heures de bureau. Appeler la police n'est pas une option.

  L'espace de covoiturage n'est pas une place de parking privée. Cela reste valable pour tous ceux qui participent au covoiturage. S'il y a un véhicule non partagé sur la place de stationnement, merci de demander les dépliants de stationnement illégal auprès de Dégage.

AUTRES VILLES :

  Malines : places de parking générales pour autopartage (également disponibles pour nos voitures Malines Dégage)

  Halle : places de parking générales pour autopartage (également disponibles pour nos voitures Halse Dégage)

  Anvers : places de parking générales pour le covoiturage (également disponibles pour nos voitures Anvers Dégage)

  Sint-Niklaas : places de parking générales pour le covoiturage (également disponibles pour nos voitures Sint-Niklase Dégage)

  Courtrai : places de parking générales pour le covoiturage (également disponibles pour nos voitures Courtrai Dégage)

Message au propriétaire : Il est possible de faire apposer la voiture sur les deux côtés avec une vignette Dégage et/ou sur la lunette arrière de la voiture : cela donne de la visibilité à notre organisme, mais cela peut aussi faire connaître la voiture comme voiture partagée dans le quartier, lorsque vous vous garez sur une place d'autopartage. Si vous êtes propriétaire et souhaitez une vignette Dégage, merci de nous envoyer un email.","In sommige steden en gemeenten heeft het lokaal bestuur deze voorbehouden parkeerplaatsen voor autodelen voorzien. Meer bepaald in:

GENT: 

  Er zijn algemene autodeelplaatsen (P zonder onderbordjes en zonder parkeerbeugels): die mogen door de deelauto's van alle erkende organisaties gebruikt worden, dus ook door de Gentse Dégage-deelauto's (= deelauto's die een geldige parkeervergunning voor Gent hebben).

  Hangt er wél een onderbordje van een bepaalde organisatie, dan is de parkeerplaats voorbehouden voor auto's van deze organisatie. Ook Dégage heeft in Gent zo'n onderbordje.

  De deelauto’s van Dégage zijn gekend bij Stad Gent via de nummerplaat. Soms zijn mensen van de politie of stadswacht hiervan niet op de hoogte en spreken ze je aan. Je mag hen op zo’n moment zeker doorverwijzen naar het mobiliteitsbedrijf. Het mobiliteitsbedrijf is de enige die kan beboeten en dat dus tijdens de kantooruren. De politie bellen is geen optie.

  De autodeelplaats is géén private parkeerplek. Deze blijft voor iedereen die aan autodelen doet. Staat een niet-gedeeld voertuig op de parkeerplek, vraag dan bij Dégage flyers voor foutparkeerders aan.

ANDERE STEDEN:

  Mechelen: algemene parkeerplaatsen voor autodelen (dus ook beschikbaar voor onze Mechelse Dégage-auto's)

  Halle: algemene parkeerplaatsen voor autodelen (dus ook beschikbaar voor onze Halse Dégage-auto's)

  Antwerpen: algemene parkeerplaatsen voor autodelen (dus ook beschikbaar voor onze Antwerpse Dégage-auto's)

  Sint-Niklaas: algemene parkeerplaatsen voor autodelen (dus ook beschikbaar voor onze Sint-Niklase Dégage-auto's)

  Kortrijk: algemene parkeerplaatsen voor autodelen (dus ook beschikbaar voor onze Kortrijkse Dégage-auto's)

Boodschap aan de eigenaar: Het is mogelijk om de auto te laten bestickeren aan beide zijden met een Dégage-sticker en/of op de achterruit van de auto: dit geeft visibiliteit aan onze organisatie, maar het kan de auto ook kenbaar maken als deelwagen in de buurt, wanneer je op een autodeelplaats parkeert. Ben je eigenaar en wil je graag een Dégage-sticker, stuur ons dan even een mailtje.",Yes,text,,public,,Can a Dégage car be parked in parking spaces reserved for car sharing?,Une voiture Dégage peut-elle être garée sur des emplacements réservés à l'autopartage ?,Mag een Dégage-auto op parkeerplaatsen staan die gereserveerd zijn voor autodelen?,
faq-59-mag-je-parkeren-bij-een-nakend-parkeerverbod,"Use your common sense. Do you notice an impending parking ban when returning the car? Then you can do 2 things:

  If the parking ban starts within 48 hours, park elsewhere. It is your responsibility if the car is in the wrong position when the work starts.

  Does the ban take effect later than 48 hours in advance? Feel free to park there, but be sure to inform the owner that there will be a ban where the car is parked. This gives the owner enough time to move the car.","Utilisez votre bon sens. Remarquez-vous une interdiction de stationnement imminente lors de la restitution de la voiture ? Ensuite, vous pouvez faire 2 choses :

  Si l'interdiction de stationnement commence dans les 48 heures, garez-vous ailleurs. Il est de votre responsabilité si la voiture est dans la mauvaise position au début des travaux.

  L'interdiction prend-elle effet plus de 48 heures à l'avance ? N'hésitez pas à vous y garer, mais assurez-vous d'informer le propriétaire qu'il y aura une interdiction là où la voiture est garée. Cela donne au propriétaire suffisamment de temps pour déplacer la voiture.","Gebruik je gezond verstand. Merk je een nakend parkeerverbod op bij het terugbrengen van de auto? Dan kan je 2 dingen doen:

  Gaat het parkeerverbod binnen de 48 uur van start, parkeer dan elders. Het is jouw verantwoordelijkheid als de auto verkeerd staat op het moment van de start van de werken.

  Gaat het verbod later dan 48 uur op voorhand in? Parkeer er gerust maar verwittig zeker de eigenaar dat er een verbod zal komen waar de auto geparkeerd staat. Zo heeft de eigenaar tijd genoeg om de auto te verplaatsen.",Yes,text,,public,,Are you allowed to park during an upcoming parking ban?,Êtes-vous autorisé à vous garer lors d’une prochaine interdiction de stationnement ?,Mag je parkeren bij een nakend parkeerverbod?,
faq-18-waar-en-wanneer-mag-ik-gratis-parkeren-met-de-deelau,"In some cities you can park for free if the shared car has a valid car-sharing parking card. Always check the car record to see if this is the case. This currently concerns these cities and municipalities:

  Ghent and the peripheral municipalities that are part of Ghent (Ledeberg, Gentbrugge, SintAmandsberg, Oostakker, Mariakerke, Drongen, Afsnee, Wondelgem, Zwijnaarde, Desteldonk, Mendonk, Sint-Kruis-Winkel, Sint-Denijs-Westrem). (often a shared car from the outskirts, e.g. De Pinte, Merelbeke, Melle and Destelbergen, receives a car sharing Ghent parking card, but that is certainly not always the case!)

  Antwerp (Note: only cars from the City of Antwerp territory. Cars outside the city do not have a parking card.)

  Halle

  Deinze (exceptionally, a shared car in Deinze still has a car sharing Ghent parking card)

  Bruges

  Mechelen (postal codes 2800, 2801, 2811 and 2812)

  Lokeren (with physical parking card - see below)

  Roeselare

  Wetteren (with physical parking card)

  Sint-Niklaas

  Temse

  Leuven (often a shared car from the peripheral municipality, e.g. Herent, receives a parking card for car sharing Leuven)

  Kortrijk

This parking benefit is therefore only valid in the respective city that issues a valid car sharing parking card. For example, a recognized shared car from Antwerp is not allowed to park for free in Ghent. If in doubt, ask the owner. Remember that as a user you are responsible for correct parking. If necessary, ask the owner whether the car has a (still) valid parking permit. The owner or Dégage are not responsible for parking fines incurred as a result of an invalid or expired parking permit or for changes that occur in the parking regime. Any parking fines incurred during a borrower's loan are borne by the user. The same parking regime applies to cars without a parking permit as to visitors.

With a car sharing parking card you can often park for free in most zones or you do not have to put a blue disc, with a few exceptions such as commercial shopping streets, short-term parking spaces, Kiss & Ride zones, municipal squares, parking spaces for taxis, police vehicles, disabled people or at charging stations if fossil fuel cars). Check the links below for specific information per city.

  Ghent: more information

  Halle: more information (The parking card also applies as a Halle card, which allows you to park unlimitedly at Parking Nederhem, in the Spoorwegstraat and at the Suikerkaai car park).

  Bruges: more information

  Mechelen: more information

  Deinze: no parking fees or blue disk for the Dégage shared cars from Deinze

  Antwerp: free parking in all residents' zones within the Antwerp zone

  Lokeren: free parking with physical parking card (!) on the entire territory of the city of Lokeren, including in zones with paid parking and in blue zones. Exception: not in the red parking zone (the Markt, Groentemarkt, Kerkstraat and Stationsstraat).

  Wetteren: free parking with physical parking card (!)

  Sint-Niklaas: free parking on Sint-Niklaas territory, except the shopping streets, more informationTemse: no parking fees or blue disc for the Dégage shared cars in Temse

  Roeselare: free parking in the entire paid and blue zone of the city of Roeselare, with the exception of the underground car parks and short-term parking spaces.

  Leuven: free parking in the paying and blue zone of the city of Leuven more information

  Kortrijk: free unlimited parking throughout Kortrijk, but the parking duration restriction of 30 minutes must be respected in the Shop&Go parking lots.","Dans certaines villes, vous pouvez vous garer gratuitement si la voiture partagée dispose d'une carte de stationnement pour autopartage valide. Vérifiez toujours le dossier de la voiture pour voir si tel est le cas. Cela concerne actuellement ces villes et communes :

  Gand et les communes périphériques faisant partie de Gand (Ledeberg, Gentbrugge, SintAmandsberg, Oostakker, Mariakerke, Drongen, Afsnee, Wondelgem, Zwijnaarde, Desteldonk, Mendonk, Sint-Kruis-Winkel, Sint-Denijs-Westrem). (souvent, une voiture partagée de la périphérie, par exemple De Pinte, Merelbeke, Melle et Destelbergen, reçoit une carte de stationnement car Sharing Gand, mais ce n'est certainement pas toujours le cas !)

  Anvers (Remarque : uniquement les voitures provenant du territoire de la ville d'Anvers. Les voitures en dehors de la ville n'ont pas de carte de stationnement.)

  Halle

  Deinze (exceptionnellement, une voiture partagée à Deinze dispose toujours d'une carte de stationnement car Sharing Gand)

  Bruges

  Malines (codes postaux 2800, 2801, 2811 et 2812)

  Lokeren (avec carte de stationnement physique - voir ci-dessous)

  Roulers

  Wetteren (avec carte de stationnement physique)

  Saint-Nicolas

  Tamise

  Louvain (souvent une voiture partagée de la commune périphérique, par exemple Herent, reçoit une carte de stationnement pour le covoiturage Louvain)

  Courtrai

Cet avantage de stationnement n'est donc valable que dans la ville respective qui délivre une carte de stationnement pour autopartage valide. Par exemple, une voiture partagée reconnue d'Anvers n'est pas autorisée à stationner gratuitement à Gand. En cas de doute, demandez au propriétaire. N'oubliez pas qu'en tant qu'utilisateur, vous êtes responsable du stationnement correct. Si nécessaire, demandez au propriétaire si la voiture dispose d'un permis de stationnement (encore) valable. Le propriétaire ou Dégage ne sont pas responsables des amendes de stationnement encourues à la suite d'un permis de stationnement invalide ou expiré ou des changements survenus dans le régime de stationnement. Les éventuelles amendes de stationnement encourues lors d'un prêt emprunteur sont à la charge de l'usager. Le même régime de stationnement s'applique aux voitures sans permis de stationnement et aux visiteurs.

Avec une carte de stationnement pour autopartage, vous pouvez souvent vous garer gratuitement dans la plupart des zones ou vous n'avez pas besoin de mettre de disque bleu, à quelques exceptions près (rues commerciales et commerçantes, places de stationnement de courte durée, zones Kiss & Ride, places municipales, places de stationnement pour taxis, véhicules de police, personnes handicapées ou aux bornes de recharge s'il s'agit de voitures à énergie fossile). Consultez les liens ci-dessous pour obtenir des informations spécifiques par ville.

  Gand : plus d'informations

  Halle : plus d'informations (La carte de stationnement fait également office de carte de Halle, qui vous permet de vous garer de manière illimitée au Parking Nederhem, dans la Spoorwegstraat et au parking Suikerkaai).

  Bruges: plus d'informations

  Malines: plus d'informations

  Deinze : pas de frais de stationnement ni de disque bleu pour les voitures partagées Dégage de Deinze

  Anvers : stationnement gratuit dans toutes les zones de résidents de la zone d'Anvers

  Lokeren : stationnement gratuit avec carte de stationnement physique (!) sur tout le territoire de la ville de Lokeren, y compris dans les zones de stationnement payant et dans les zones bleues. Exception : pas dans la zone de stationnement rouge (Markt, Groentemarkt, Kerkstraat et Stationsstraat).

  Wetteren : parking gratuit avec carte de stationnement physique (!)

  Sint-Niklaas : parking gratuit sur le territoire de Sint-Niklaas, sauf les rues commerçantes, plus d'informationsTamise : pas de frais de stationnement ni de disque bleu pour les voitures partagées Dégage à Tamise

  Roulers : stationnement gratuit dans toute la zone payante et bleue de la ville de Roulers, à l'exception des parkings souterrains et des places de stationnement de courte durée.

  Louvain : parking gratuit dans la zone payante et bleue de la ville de Louvain plus d'informations

  Courtrai : stationnement gratuit et illimité dans tout Courtrai, mais la limitation de durée de stationnement de 30 minutes doit être respectée dans les parkings Shop&Go.","In sommige steden mag je gratis parkeren als de deelauto beschikt over een geldige parkeerkaart autodelen. Check altijd de autofiche of dit het geval is. Momenteel gaat het over deze steden en gemeenten:

  Gent en de randgemeenten die deel uitmaken van Gent (Ledeberg, Gentbrugge, SintAmandsberg, Oostakker, Mariakerke, Drongen, Afsnee, Wondelgem, Zwijnaarde, Desteldonk, Mendonk, Sint-Kruis-Winkel, Sint-Denijs-Westrem). (vaak krijgt een deelauto uit de rand, bv. De Pinte, Merelbeke, Melle en Destelbergen, een parkeerkaart autodelen Gent maar dat is zeker niet altijd het geval!)

  Antwerpen (Opgelet: enkel wagens uit grondgebied Stad Antwerpen. Wagens buiten de stad hebben geen parkeerkaart.)

  Halle

  Deinze (uitzonderlijk heeft een deelauto in Deinze nog een parkeerkaart autodelen Gent)

  Brugge

  Mechelen (postcodes 2800, 2801, 2811 en 2812)

  Lokeren (met fysieke parkeerkaart - zie onder)

  Roeselare

  Wetteren (met fysieke parkeerkaart)

  Sint-Niklaas

  Temse

  Leuven (vaak krijgt een deelauto uit de randgemeente, bv. Herent, een parkeerkaart autodelen Leuven)

  Kortrijk

Dit parkeervoordeel is dus enkel geldig in de respectievelijke stad die een geldige parkeerkaart autodelen uitkeert. Een erkende deelauto uit Antwerpen mag bijvoorbeeld niet gratis parkeren in Gent. Bij twijfel, vraag het aan de eigenaar. Denk eraan dat je als gebruiker zelf verantwoordelijk bent voor het correct parkeren. Vraag eventueel de eigenaar of de auto beschikt over een (nog) geldige parkeervergunning. De eigenaar of Dégage zijn niet verantwoordelijk voor parkeerboetes die worden opgelopen ten gevolge van een ongeldige of verlopen parkeervergunning of voor wijzigingen die optreden in het parkeerregime. Eventuele parkeerboetes opgelopen tijdens de uitleenbeurt van een ontlener, zijn ten laste van de gebruiker. Voor auto’s zonder parkeervergunning geldt hetzelfde parkeerregime als voor bezoekers.

Met een parkeerkaart autodelen kan je veelal in de meeste zones gratis parkeren of hoef je geen blauwe schijf te zetten, mits enkele uitzonderingen zoals commerciële winkelstraten, kortparkeerplaatsen, Kiss & Ride zones, gemeentepleinen, parkeerplaatsen voor taxi’s, politievoertuigen, gehandicapten of aan laadpalen indien fossiele brandstofwagen). Check onderstaande linken voor de specifieke info per stad.

  Gent: meer info

  Halle: meer info (De parkeerkaart geldt ook als Hallekaart waarmee je onbeperkt kan parkeren op Parking Nederhem, in de Spoorwegstraat en op de parking Suikerkaai).

  Brugge: meer info

  Mechelen: meer info

  Deinze: geen parkeergeld of blauwe schijf voor de Dégage-deelauto's van Deinze

  Antwerpen: gratis parkeren in alle bewonerszones binnen zone Antwerpen

  Lokeren: gratis parkeren met fysieke parkeerkaart (!) op het volledige grondgebied van de stad Lokeren, inclusief in zones met betalend parkeren en in blauwe zones. Uitzondering: niet in de rode parkeerzone (de Markt, Groentemarkt, Kerkstraat en Stationsstraat).

  Wetteren: gratis parkeren met fysieke parkeerkaart (!)

  Sint-Niklaas: gratis parkeren op grondgebied van Sint-Niklaas, behalve de winkelstraten meer info

  Temse: geen parkeergeld of blauwe schijf voor de Dégage-deelauto's van Temse

  Roeselare: gratis parkeren in de volledige betalende en blauwe zone van stad Roeselare, met uitzondering van de ondergrondse parkings en de kortparkeerplaatsen.

  Leuven: gratis parkeren in de betalende en blauwe zone van stad Leuven meer info

  Kortrijk: gratis onbeperkt parkeren in heel Kortrijk, op de Shop&Go parkeerplaatsen de parkeerduurbeperking van 30 minuten wél gerespecteerd worden.",Yes,text,,public,,Where and when can I park for free with the shared car?,Où et quand puis-je me garer gratuitement avec la voiture partagée ?,Waar en wanneer mag ik gratis parkeren met de deelauto?,
faq-45-wat-moet-ik-doen-als-ik-een-gratis-parkeervergunning,"In some cities, shared cars are entitled to a free parking permit (see question 'Can I park for free with a shared car?')

If you live in a city where you are entitled to a free parking permit for shared cars, Dégage will request this when you enter your car. You will receive a message from Dégage when the resident card has been granted, including the validity period. The permit is usually valid for one year (in Deinze it is valid indefinitely; in Mechelen 2 years), after which it is extended by Dégage. You are obliged to report all changes immediately (moving, change of owner, etc.). The card does not need to be printed. Checking is done on license plate. Write the parking ticket number on the mileage sheets. This way, users know that they can park their car for free in your city. To avoid misunderstandings with parking attendants, it is best to cancel your resident card. After all, the parking permit for shared cars applies to the entire city, including the residents' zone in your neighborhood.","Dans certaines villes, les voitures partagées ont droit à une carte de stationnement gratuite (voir question « Puis-je me garer gratuitement avec une voiture partagée ? »)

Si vous habitez dans une ville où vous avez droit à une carte de stationnement gratuite pour les voitures partagées, Dégage vous le demandera lors de l'entrée dans votre voiture. Vous recevrez un message de Dégage lorsque la carte de résident aura été accordée, indiquant la durée de validité. Le permis est généralement valable un an (à Deinze, il est valable indéfiniment ; à Malines, 2 ans), après quoi il est prolongé par Dégage. Vous êtes tenu de signaler immédiatement tout changement (déménagement, changement de propriétaire, etc.). La carte n'a pas besoin d'être imprimée. Le contrôle se fait sur la plaque d'immatriculation. Inscrivez le numéro du ticket de stationnement sur les feuilles de kilométrage. De cette façon, les utilisateurs savent qu’ils peuvent garer leur voiture gratuitement dans votre ville. Pour éviter tout malentendu avec les gardiens du parking, il est préférable d'annuler votre carte de résident. En effet, le permis de stationnement pour voitures partagées s'applique à toute la ville, y compris à la zone résidentielle de votre quartier.","In sommige steden hebben deelauto's recht op een gratis parkeervergunning (zie vraag 'Mag ik gratis parkeren met een deelauto?' )

Woon je in een stad waar je recht hebt op een gratis parkeervergunning voor deelauto's, dan vraagt Dégage die aan bij de instap van je auto. Je krijgt een bericht van Dégage wanneer de bewonerskaart is toegekend, met ook de geldigheidsperiode. De vergunning is veelal één jaar geldig (in Deinze is ze onbeperkt geldig; in Mechelen 2 jaar), waarna ze door Dégage verlengd wordt. Je bent verplicht alle wijzigingen meteen door te geven (verhuis, wissel van eigenaar,...). De kaart hoeft niet afgeprint te worden. Controle gebeurt op nummerplaat. Schrijf op de kilometerbladen de nummer van de parkeerkaart. Zo weten de gebruikers dat ze met je auto gratis kunnen parkeren in je stad. Om misverstanden bij parkeerwachters te vermijden, zeg je best je bewonerskaart op. De parkeervergunning voor deelauto’s geldt immers voor heel je stad, dus ook voor de bewonerszone in jouw wijk.",Yes,text,,public,,What should I do if I want a free parking permit for my shared car?,Que dois-je faire si je souhaite un permis de stationnement gratuit pour ma voiture partagée ?,Wat moet ik doen als ik een gratis parkeervergunning wil voor mijn deelauto?,
faq-14-wat-moet-ik-doen-bij-pech,"Always consult the 'first aid in the event of a breakdown' for what you can do in the event of a breakdown (correct version available in the car). 

Can't go further by car... 

  due to a technical problem?

  a flat tire?

  an empty battery?

  or by having refueled incorrectly?

FIRST THINGS FIRST: Always call the owner first. He or she knows the car best. 

Every car has roadside assistance within the Benelux. By default this is VAB: +32 (0)3 253 66 88 (valid at home and abroad). Exceptionally, the shared car may have different breakdown assistance (e.g. cars younger than 2 years old), so always consult the car sheet (or car booklet) for the correct telephone number.

Roadside assistance is free and offered to the owner free of charge by Dégage. Please note that the subscription costs for Dégage increase when there are many interventions. So only call for roadside assistance if it is really necessary. Is there an intervention on the motorway? Then you pay on site because the towing is done here by the FAST team. This payment can be recovered through us (with a valid proof of payment). 

ATTENTION! Roadside assistance outside the Benelux is optional.

Request roadside assistance outside the Benelux

If the owner or borrower would like VAB roadside assistance in Europe, the owner or borrower can request this 7 days before departure. This coverage will then remain valid until the end of the calendar year. You can request this via this form. You can no longer do this if you are already on your way to your destination or you have already arrived at your destination. The application is paid by Dégage.

Breakdown outside Benelux without VAB

Not requesting roadside assistance as standard outside the Benelux is cost-efficient for Dégage. We notice that virtually no interventions are required for holidays outside the Benelux. If you are unlucky and there is no VAB coverage, these tips can still help you. The costs resulting from such an alternative intervention will be reimbursed by Dégage.

These are the 4 most common breakdowns. If the breakdown results in damage to the car, report the damage to Dégage via www.degapp.be/schade or via your trip in degapp. We will follow up on this together with you and the owner.

  a flat tire: In the best case, the user can continue driving thanks to the roadside assistance intervention. However, if a new tire is needed and the flat tire turns out to be quite new, it will be treated as damage. May we ask you to go to the Ghent tire center (Zeeschipstraat 38A, 9000 Ghent)? We have a discount contract there (for new tires) if you mention that you are a member of Dégage.

  empty battery: Ambiguous, unable to leave due to a flat battery. Sometimes because it is broken, sometimes because the previous driver forgot to turn off the lights. In the latter case, it is only too logical that the kilometers needed to restart the battery are borne by the previous driver.incorrect fuel: If you fill up with the wrong fuel, you will normally stop after 1 kilometer and you can get roadside assistance. Sometimes it is possible to drive further and cause serious damage to the vehicle. The cost associated with pumping out the tank is always treated as damage.

  asterisk in the windshield: there is little the driver can do about stone chips. Dégage fully intervenes in this. Read here what to do if glass breaks.

Please note that if you have a real accident, it is an accident and not bad luck. Consult the FAQ 'What to do in the event of an accident'.","Consultez toujours les « premiers secours en cas de panne » pour savoir ce que vous pouvez faire en cas de panne (version correcte disponible dans la voiture). 

Je ne peux pas aller plus loin en voiture... 

  à cause d'un problème technique ?

  un pneu crevé ?

  une batterie vide ?

  ou en ayant mal fait le plein ?

PREMIÈRE CHOSES EN PREMIER : Appelez toujours le propriétaire en premier. C'est lui ou elle qui connaît le mieux la voiture. 

Chaque voiture dispose d'une assistance routière au Benelux. Par défaut il s'agit du VAB : +32 (0)3 253 66 88 (valable en Suisse et à l'étranger). Exceptionnellement, la voiture partagée peut bénéficier d'un dépannage différent (par exemple voitures de moins de 2 ans), consultez donc toujours la fiche de la voiture (ou le livret de la voiture) pour connaître le numéro de téléphone correct.

L'assistance routière est gratuite et proposée gratuitement au propriétaire par Dégage. Attention, les frais d'abonnement au Dégage augmentent lorsque les interventions sont nombreuses. N’appelez donc l’assistance routière que si cela est vraiment nécessaire. Y a-t-il une intervention sur l'autoroute ? Ensuite vous payez sur place car le remorquage est effectué ici par l'équipe FAST. Ce paiement peut être récupéré par notre intermédiaire (avec une preuve de paiement valide). 

ATTENTION! L’assistance routière en dehors du Benelux est facultative.

Demander une assistance routière en dehors du Benelux

Si le propriétaire ou l'emprunteur souhaite bénéficier d'une assistance routière VAB en Europe, il peut en faire la demande 7 jours avant le départ. Cette couverture restera alors valable jusqu’à la fin de l’année civile. Vous pouvez en faire la demande via ce formulaire. Vous ne pouvez plus le faire si vous êtes déjà en route vers votre destination ou si vous êtes déjà arrivé à destination. La demande est payée par Dégage.

Panne hors Benelux sans VAB

Ne pas demander d'assistance routière en standard en dehors du Benelux est rentable pour Dégage. Nous constatons que pratiquement aucune intervention n'est nécessaire pour les vacances en dehors du Benelux. Si vous n’avez pas de chance et qu’il n’y a pas de couverture VAB, ces conseils peuvent quand même vous aider. Les frais résultant d'une telle intervention alternative seront remboursés par Dégage.

Ce sont les 4 pannes les plus courantes. Si la panne entraîne des dommages à la voiture, signalez les dégâts à Dégage via www.degapp.be/schade ou via votre déplacement à degapp. Nous suivrons cela avec vous et le propriétaire.

  une crevaison : Dans le meilleur des cas, l'utilisateur peut continuer à rouler grâce à l'intervention de l'assistance routière. Cependant, si un pneu neuf est nécessaire et que le pneu crevé s'avère être tout à fait neuf, il sera traité comme un dommage. Pouvons-nous vous demander de vous rendre au centre du pneu de Gand (Zeeschipstraat 38A, 9000 Gand) ? Nous y avons un contrat de rabais (pour les pneus neufs) si vous mentionnez que vous êtes membre de Dégage.

  batterie vide : Ambigu, impossible de partir à cause d'une batterie à plat. Parfois parce qu’il est cassé, parfois parce que le conducteur précédent a oublié d’éteindre les feux. Dans ce dernier cas, il est tout à fait logique que les kilomètres nécessaires au redémarrage de la batterie soient à la charge du conducteur précédent.Carburant incorrect : Si vous faites le plein avec le mauvais carburant, vous vous arrêterez normalement après 1 kilomètre et vous pourrez bénéficier d'une assistance routière. Parfois, il est possible de rouler plus loin et de causer de graves dommages au véhicule. Le coût associé au pompage du réservoir est toujours traité comme un dommage.

  astérisque sur le pare-brise : le conducteur ne peut pas faire grand-chose contre les éclats de pierre. Dégage y intervient pleinement. Lisez ici que faire si le verre se brise.

Veuillez noter que si vous avez un véritable accident, c'est un accident et non une malchance. Consultez la FAQ « Que faire en cas d'accident ».","Raadpleeg steeds de fiche 'eerste hulp bij pech' voor wat je kan doen bij pech (juiste versie beschikbaar in de auto). 

Kan je niet verder met de auto ... 

  door een technisch probleem?

  een lekke band?

  een lege batterij?

  of door verkeerd getankt te hebben?

FIRST THINGS FIRST: Bel altijd éérst de eigenaar op. Hij of zij kent de auto het best. 

Elke auto heeft pechhulp binnen de Benelux. Standaard is dit VAB: +32 (0)3 253 66 88 (geldig in binnen- en buitenland). Uitzonderlijk kan de deelauto een andere pechhulp hebben (bv. auto's jonger dan 2 jaar), dus raadpleeg steeds de autofiche (of autoboekje) voor het juiste telefoonnummer.

Pechhulp is gratis en wordt aan de eigenaar gratis aangeboden door Dégage. Hou er wel rekening mee dat de abonnementskosten voor Dégage stijgen wanneer er veel tussenkomsten zijn. Laat de pechhulp dus enkel komen als het echt nodig is. Is er een interventie op de autosnelweg? Dan betaal je wel ter plaatse omdat hier de takeling gebeurt door het FASTteam. Die betaling kan via ons gerecupereerd worden (met een geldig betaalbewijs). 

OPGELET! Pechhulp buiten de Benelux is optioneel.

Pechhulp buiten Benelux aanvragen

Wil eigenaar of ontlener graag VAB-pechbijstand in Europa, dan kan eigenaar of ontlener dit 7 dagen vóór vertrek aanvragen. Deze dekking blijft dan geldig tot het einde van het kalenderjaar. Aanvragen doe je via dit formulier Je kan dit niet meer doen als je al onderweg bent naar je bestemming of je reeds op je bestemming bent aangekomen. De aanvraag wordt betaald door Dégage.

Pech buiten Benelux zonder VAB

Pechhulp buiten Benelux niet standaard aanvragen, is kostenefficiënt voor Dégage. We merken dat er quasi geen interventies nodig zijn bij vakanties buiten Benelux. Heb je toch pech en er is geen dekking door VAB, dan kan je via deze tips toch geholpen worden. De kost die voortvloeit uit zo'n alternatieve interventie zal worden terugbetaald door Dégage.

Dit zijn de 4 meest voorkomende pechgevallen. Mondt de pech uit in schade aan de auto, meld dan de schade aan Dégage via www.degapp.be/schade of via je rit in degapp. Samen met jou en de eigenaar volgen we dit op.

  een lekke band: In het beste geval kan de gebruiker gewoon verder rijden dankzij de pechhulpinterventie. Is er echter een nieuwe band nodig en bleek de lekke band nog vrij nieuw te zijn, dan wordt deze behandeld als schade. Mogen we je vragen om naar de Gentse bandencentrale (Zeeschipstraat 38A, 9000 Gent) te gaan? We hebben daar een kortingscontract (voor nieuwe banden) als je erbij vermeldt dat je lid bent van Dégage.

  lege batterij: Ambetant, niet kunnen vertrekken door een platte batterij. Soms omdat die stuk is, soms omdat de vorige bestuurder de lichten vergat uit te doen. In dat laatste geval is het maar al te logisch dat de kilometers die nodig zijn om de batterij terug op gang te trekken voor de rekening is van de vorige bestuurder.

  verkeerd tanken: Tankte je de verkeerde brandstof, dan valt men normaal gezien na 1 kilometer stil en kan je de pechhulp helpen. Soms kan men wel verder rijden en brengt men zware schade aan aan het voertuig. De kost verbonden aan het leegpompen van de tank wordt altijd behandeld als schade.

  sterretje in de vooruit: aan steenslag kan de bestuurder weinig doen. Dégage komt hierin volledig tussen. Lees hier wat je moet doen bij glasbreuk.

Let op, heb je een echt ongeval, dan is dat een ongeval en géén pech. Raadpleeg hiervoor de FAQ 'Wat te doen bij een ongeval'..",Yes,text,,public,,What should I do in the event of a breakdown?,Que dois-je faire en cas de panne ?,Wat moet ik doen bij pech?,
faq-58-wat-zit-er-vervat-in-de-pechhulp,"85% of our fleet is affiliated with our umbrella VAB assistance, the remainder have equivalent assistance elsewhere (How to contact, see 'breakdown'). They are valid in the Benelux, they ensure repatriation of the vehicle and its occupants, although this can be done at 3 different times. Only repatriation of luggage is not covered in Belgium. They do not have a replacement vehicle as standard, but this can often be arranged on site. What is or is not offered on site varies greatly depending on location, type of accident and time of day (on a weekday in November you get much better service than on black weekends in July). Because it is often so dependent, we cannot provide general guidelines here, other than what each assistance includes as standard. 

Bodily injury: 

  Compulsory civil liability protects bodily injuries to the occupants.

  All cars have driver insurance at car level. It is a requirement for us to be allowed to share.

  This means that you as a driver are also covered for physical damage when you are at the wheel of one of our shared cars.

If you are traveling outside the Benelux, consult this FAQ.","85% de notre flotte est affiliée à notre assistance faîtière VAB, le reste bénéficie d'une assistance équivalente ailleurs (Comment nous contacter, voir 'panne'). Ils sont valables au Benelux, ils assurent le rapatriement du véhicule et de ses occupants, même si cela peut se faire à 3 moments différents. Seul le rapatriement des bagages n'est pas couvert en Belgique. Ils ne disposent pas de véhicule de remplacement en standard, mais celui-ci peut souvent être organisé sur place. Ce qui est proposé ou non sur place varie considérablement selon le lieu, le type d'accident et l'heure de la journée (en semaine en novembre, vous bénéficiez d'un bien meilleur service que lors des week-ends noirs de juillet). Parce qu’elle est souvent très dépendante, nous ne pouvons pas fournir ici de lignes directrices générales, autres que ce que chaque assistance inclut en standard. 

Dommage corporel : 

  La responsabilité civile obligatoire protège les dommages corporels des occupants.

  Toutes les voitures ont une assurance conducteur au niveau de la voiture. C'est une condition pour que nous soyons autorisés à partager.

  Cela signifie qu'en tant que conducteur, vous êtes également couvert pour les dommages physiques lorsque vous êtes au volant d'une de nos voitures partagées.

Si vous voyagez en dehors du Benelux, consultez cette FAQ.","85% van onze vloot is aangesloten bij onze overkoepelende VAB bijstand, de overige hebben een gelijkwaardige bijstand elders lopen (Hoe te contacteren, zie 'pech'). Ze zijn geldig in de Benelux, ze zorgen voor repatriëring van voertuig en inzittenden, al kan dat op 3 verschillende momenten. Enkel repatriëring van de bagage is niet gedekt in België. Ze hebben geen vervangvoertuig standaard in het aanbod, maar dat kan vaak ter plaatse wel geregeld worden. Wat er ter plekke al dan niet aangeboden wordt, varieert heel sterk van locatie, type ongeval en tijdstip (in een doordeweekse week in november krijg je veel betere dienstverlening dan in zwarte weekenden in juli). Doordat het vaak zo afhankelijk is, kunnen we hier geen algemene richtlijnen in geven, behalve wat elke bijstand standaard omvat. 

Lichamelijk letsel: 

  De verplichte burgerlijke aansprakelijkheid beschermt lichamelijke letsels van de inzittenden.

  Alle wagens hebben bestuurdersverzekering op autoniveau. Is voor ons vereiste om te mogen gedeeld worden.

  Dat betekent dat jij als bestuurder ook gedekt bent voor lichamelijke schade als je aan het stuur zit van een van onze deelwagens.

Ga je op reis buiten Benelux, raadpleeg dan deze FAQ.",Yes,text,,public,,What is included in the breakdown assistance?,Qu'est-ce qui est inclus dans l'assistance dépannage ?,Wat zit er vervat in de pechhulp?,
faq-65-hoe-kan-ik-mijn-auto-voor-een-langere-periode-ter-be,"Are you going on a trip without a car but would you like to continue sharing the car? But you'd like to keep your standard time constraints. This can be done via the 'ignore time restrictions' button and fields. Especially during the holiday periods, there is more demand for longer journeys that can preferably be requested earlier in time. By setting this up better, you increase the chance that a borrower will find a car in the calendar for a longer period in the future. 

An example below (see print screen)

By default, the owner in this example only allows trips of 7 days or less. These can only be requested if the ride takes place within 30 days. The owner is going on a trip without a car for a whole month in July and would like to lend the car to someone who will use it for a longer period of time. By making an exception to these standard time restrictions, the car can be reserved for a trip of at least 14 days (and max. 30 days) within the period 1/7-31/7.","Vous partez en voyage sans voiture mais vous souhaitez continuer à partager la voiture ? Mais vous souhaitez conserver vos contraintes de temps habituelles. Cela peut être fait via le bouton et les champs « ignorer les restrictions de temps ». Surtout pendant les périodes de vacances, la demande pour des trajets plus longs qui peuvent être demandés de préférence plus tôt est plus forte. En configurant mieux cela, vous augmentez les chances qu'un emprunteur trouve une voiture dans le calendrier pour une période plus longue à l'avenir. 

Un exemple ci-dessous (voir écran d'impression)

Par défaut, le propriétaire dans cet exemple n'autorise que les voyages de 7 jours ou moins. Ceux-ci ne peuvent être demandés que si la course a lieu dans les 30 jours. Le propriétaire part en voyage sans voiture pendant un mois entier en juillet et souhaite prêter la voiture à quelqu'un qui l'utilisera plus longtemps. En faisant exception à ces restrictions horaires standard, la voiture peut être réservée pour un voyage d'au moins 14 jours (et max. 30 jours) dans la période du 1/7 au 31/7.","Ga je op reis zonder auto maar je wil graag de auto blijven delen? Maar je wil graag je standaard tijdsbeperkingen behouden. Dan kan dat via de knop en velden 'tijdsbeperkingen negeren'. Zeker tijdens de vakantieperiodes is er namelijk meer vraag naar langere ritten die liefst vroeger in tijd kunnen worden aangevraagd. Door dit beter in te stellen vergroot je de kans dat een ontlener in de kalender een auto vindt voor een langere periode in de toekomst. 

Een voorbeeld hieronder (zie printscreen)

Standaard laat de eigenaar in dit voorbeeld enkel ritten van 7 dagen of minder toe. Deze kunnen enkel aangevraagd worden als de rit binnen de 30 dagen plaatsvindt. De eigenaar gaat in juli een hele maand op reis zonder auto en wil de auto liefst uitlenen aan iemand die hem langere tijd gebruikt. Door een uitzondering te maken op deze standaard tijdsbeperkingen, kan de auto wel voor een rit van minstens 14 dagen (en max. 30 dagen) worden gereserveerd binnen de periode 1/7-31/7.",Yes,text,,public,,How can I make my car available for a longer period in the future?,Comment puis-je rendre ma voiture disponible pour une période plus longue à l’avenir ?,Hoe kan ik mijn auto voor een langere periode ter beschikking stellen in de toekomst?,
faq-23-hoe-reserveer-ik-het-best-langere-ritten-ritten-van-,"In principle, owners may refuse rides of 3 days or longer. If they are not open to this, we ask them to mention this in the description of their car. Many owners are happy with their car being away for a longer period of time, even a few weeks is possible. To create trust, it is best to first send an email tonaamauto@degage.be with the question before indicating this in the calendar.","En principe, les propriétaires peuvent refuser les trajets de 3 jours ou plus. S’ils n’y sont pas ouverts, nous leur demandons de le mentionner dans le descriptif de leur voiture. De nombreux propriétaires sont satisfaits de l’absence de leur voiture pendant une période plus longue, même quelques semaines sont possibles. Pour créer de la confiance, il est préférable d'envoyer d'abord un email à tonaamauto@degage.be avec la question avant de l'indiquer dans le calendrier.","Eigenaars mogen in principe ritten van 3 dagen of langer weigeren. Staan ze hiervoor niet open, dan vragen we hen dit wel te melden in de omschrijving van hun auto. Vele eigenaars vinden het wel prima dat hun auto voor langer weg is, zelfs enkele weken is mogelijk. Om vertrouwen te scheppen, stuur je best eerst eens een mailtje naar naamauto@degage.be met de vraag, alvorens dit aan te duiden in de kalender.",Yes,text,,public,,What is the best way to reserve longer rides (trips of more than 2 days)?,Quelle est la meilleure façon de réserver des trajets plus longs (voyages de plus de 2 jours) ?,Hoe reserveer ik het best langere ritten (ritten van meer dan 2 dagen)?,
faq-22-hoe-ver-op-voorhand-mag-ik-reserveren,"There is no set timing for this, although a month in advance is acceptable. You can of course book longer in advance. The longer in advance, the more likely the owner will want some time to make his reservations. You can avoid refusals by first contacting the owner(s) by email - especially for journeys longer than 2 days. Some owners indicate their desired timing of reservation in the description of their car.","Il n’y a pas de calendrier précis pour cela, même si un mois à l’avance est acceptable. Vous pouvez bien sûr réserver plus longtemps à l'avance. Plus on avance longtemps à l'avance, plus le propriétaire aura probablement besoin de temps pour faire ses réservations. Vous pouvez éviter les refus en contactant au préalable le(s) propriétaire(s) par email - notamment pour les trajets de plus de 2 jours. Certains propriétaires indiquent le moment de réservation souhaité dans la description de leur voiture.","Er is geen vastgelegde timing hiervoor, al is een maand op voorhand aanvaardbaar. Je mag natuurlijk langer op voorhand reserveren. Hoe langer op voorhand, hoe meer kans dat de eigenaar zelf wat tijd wenst om zijn reserveringen te maken. Weigeringen kan je vermijden door eerst via e-mail te polsen bij (de) eigenaar(s) - zeker bij ritten langer dan 2 dagen. Sommige eigenaars melden in de omschrijving van hun auto hun gewenste timing van reserveren.",Yes,text,,public,,How far in advance can I make a reservation?,Combien de temps à l’avance puis-je faire une réservation ?,Hoe ver op voorhand mag ik reserveren?,
faq-26-hoelang-duurt-het-vooraleer-een-reservatie-wordt-goe,"In principle, the owner has 48 hours to approve the reservation, but please keep in mind that we are a private car sharing system. If approval takes too long, you can call the owner. If you request a ride less than 48 hours in advance, we will consider this a last minute reservation (see question 'What if I need a car last minute?').","En principe, le propriétaire dispose de 48 heures pour approuver la réservation, mais gardez à l'esprit que nous sommes un système de covoiturage privé. Si l'approbation prend trop de temps, vous pouvez appeler le propriétaire. Si vous demandez une course moins de 48 heures à l'avance, nous considérerons cela comme une réservation de dernière minute (voir question « Et si j'ai besoin d'une voiture à la dernière minute ? »).","In principe krijgt de eigenaar 48 uur om de reservatie goed te keuren, maar probeer er rekening mee te houden dat we een particulier autodeelsysteem zijn. Blijft de goedkeuring te lang uit, dan kan je de eigenaar eens bellen. Vraag je minder dan 48 uur op voorhand een rit aan, dan beschouwen we dit als een last minute reservatie (zie vraag ‘Wat als ik last minute een auto nodig heb?’).",Yes,text,,public,,How long does it take before a reservation is approved?,Combien de temps faut-il avant qu'une réservation soit approuvée ?,Hoelang duurt het vooraleer een reservatie wordt goedgekeurd?,
faq-25-kan-ik-na-goedkeuring-mijn-reservatie-nog-wijzigen,"Yes, but always communicate well with the owner. You can shorten a reservation but not extend it. If you want a longer ride, make an additional reservation or cancel your current reservation and make a new one. Do you no longer need the car at all? Try to avoid unnecessary reservations, but if you no longer need a car due to circumstances, notify the owner as soon as possible and cancel your reservation in the calendar. Canceling the reservation once it has already started is not possible. Only the owner can register the reservation as “cancelled”.","Oui, mais communiquez toujours bien avec le propriétaire. Vous pouvez raccourcir une réservation mais pas la prolonger. Si vous souhaitez un trajet plus long, effectuez une réservation supplémentaire ou annulez votre réservation actuelle et effectuez-en une nouvelle. Vous n'avez plus du tout besoin de la voiture ? Essayez d'éviter les réservations inutiles, mais si vous n'avez plus besoin de voiture en raison des circonstances, informez le propriétaire le plus rapidement possible et annulez votre réservation dans le calendrier. Il n'est pas possible d'annuler la réservation une fois qu'elle a déjà commencé. Seul le propriétaire peut enregistrer la réservation comme « annulée ».","Ja, maar communiceer altijd goed met de eigenaar. Een reservatie kan je inkorten maar niet verlengen. Wens je een langere rit, maak dan een extra reservatie of annuleer je huidige reservatie en maak een nieuwe. Heb je de auto helemaal niet meer nodig? Probeer onnodige reservaties te vermijden, maar als je een auto door omstandigheden niet meer nodig hebt, verwittig dan asap de eigenaar en annuleer je reservatie in de kalender. De reservatie annuleren als die al begonnen is, is niet mogelijk. Enkel de eigenaar kan de reservatie als “niet doorgegaan” registreren.",Yes,text,,public,,Can I still change my reservation after approval?,Puis-je encore modifier ma réservation après approbation ?,Kan ik na goedkeuring mijn reservatie nog wijzigen?,
faq-24-mijn-reservatie-wordt-geweigerd-door-de-eigenaar-mag,"Owners must also reserve their own rides. If they refuse normal rides of 1 or 2 days that are not requested far in advance (see question 'how far in advance can I make a reservation?'), they must have a serious reason for this (such as a broken down car).

Special reservations that you make in consultation with the owner (or that the owner can refuse):

  last minute (reservations in the distant future

  longer ride (3 days or more)

  learn to drive a car (L)

  container park

  use of tow bar

  abroad

  systematic use

  transport animals

Please allow sufficient time for the owner to accept the request (48 hours). You can only reserve one car for a certain period. If you make a last-minute request (<48 hours in advance), view the car sheet to see how the owner handles this.","Les propriétaires doivent également réserver leurs propres manèges. S'ils refusent des trajets normaux de 1 ou 2 jours qui ne sont pas demandés longtemps à l'avance (voir question « combien de temps à l'avance puis-je réserver ? »), ils doivent avoir une raison sérieuse pour cela (par exemple une voiture en panne).

Réservations particulières que vous faites en concertation avec le propriétaire (ou que le propriétaire peut refuser) :

  dernière minute (réservations dans un futur lointain

  trajet plus long (3 jours ou plus)

  apprendre à conduire une voiture (L)

  parc à conteneurs

  utilisation de la barre de remorquage

  à l'étranger

  utilisation systématique

  transporter des animaux

Veuillez prévoir suffisamment de temps pour que le propriétaire accepte la demande (48 heures). Vous ne pouvez réserver qu'une seule voiture pour une certaine période. Si vous faites une demande de dernière minute (<48 heures à l'avance), consultez la fiche du véhicule pour voir comment le propriétaire gère cela.","Eigenaars moeten ook hun eigen ritten reserveren. Weigeren ze normale ritten van 1 of 2 dagen die niet ver op voorhand worden aangevraagd (zie vraag ‘hoe ver op voorhand mag ik reserveren’), dan moeten zij daar een grondige reden voor hebben (zoals auto in panne).

Bijzondere reservaties die je in onderling overleg doet met de eigenaar (of die de eigenaar kan weigeren):

  last minute (reservaties in de verre toekomst

  langere rit (3 dagen of meer)

  leren auto rijden (L)

  containerpark

  gebruik van trekhaak

  buitenland

  systematisch gebruik

  dieren vervoeren

Geef de eigenaar voldoende tijd om de aanvraag te aanvaarden (48 uur). Je kan slechts één auto reserveren voor een bepaalde periode. Doe je een last-minute aanvraag (<48 uur op voorhand), bekijk dan de autofiche hoe de eigenaar hiermee omgaat.",Yes,text,,public,,My reservation is refused by the owner: is this allowed?,Ma réservation est refusée par le propriétaire : est-ce autorisé ?,Mijn reservatie wordt geweigerd door de eigenaar: mag dit wel?,
faq-21-wat-als-ik-last-minute-een-auto-nodig-heb,"If you need the car within 48 hours or less, it is best to call the owner. If you receive confirmation by telephone, do not forget to indicate the ride in the online reservation system in advance. However, always try to keep in mind that we are a private car sharing system with key exchange. As a rule, it is therefore recommended to reserve your car at least 4 days in advance.","Si vous avez besoin de la voiture dans les 48 heures ou moins, il est préférable d'appeler le propriétaire. Si vous recevez une confirmation par téléphone, n'oubliez pas d'indiquer au préalable le trajet dans le système de réservation en ligne. Cependant, essayez toujours de garder à l’esprit que nous sommes un système de covoiturage privé avec échange de clés. En règle générale, il est donc recommandé de réserver votre voiture au moins 4 jours à l'avance.","Als je binnen 48 uur of minder de auto nodig hebt, dan bel je best de eigenaar op. Krijg je telefonisch een bevestiging, vergeet dan zeker niet op voorhand de rit ook in het online reservatiesysteem aan te duiden. Probeer er echter altijd rekening te houden dat we een particulier autodeelsysteem zijn met uitwisseling van sleutels. In de regel blijft het dus aangeraden om zeker 4 dagen op voorhand je auto te reserveren.",Yes,text,,public,,What if I need a car last minute?,Et si j'ai besoin d'une voiture à la dernière minute ?,Wat als ik last minute een auto nodig heb?,
faq-60-er-is-een-sterretje-in-de-voorruit-wat-moet-ik-doen,"Is there an asterisk in the windshield for no apparent reason? Then there is little the driver can do about it. Dégage fully intervenes in this. There is no franchise.

If the asterisk is not in your field of vision, it is not necessary to repair it urgently. This rule even applies to the car inspection.
If the asterisk is in your field of vision, it will need to be repaired. But you can safely wait a few days. Send an email toschade@degage.be for the options.

There are two options for repair: 

  glass breakage via internal comprehensive insurance (Dégage): We would like people not to drive to Carglass because this is (too) expensive for (the damage fund of) Dégage. Cheaper options are AGK Dampoort (Africalaan 50, Ghent 09/2238417) or Autoglas Vlaanderen (0476/757767). The owner advances the invoice, Dégage reimburses the owner. It is important that the owner charges the invoice for car costs under the DAMAGE type.

  Glass breakage via external comprehensive insurance (Ethias): If the car has comprehensive insurance with Ethias, Carglass can. The advantage is that invoicing is then arranged directly between Carglass and Ethias. If you went to AGK, that's certainly okay too. Then you send the invoice to Dégage, who in turn will arrange it with Ethias.

If it is the borrower who drives the car to the repairer, the borrower must advance the invoice and then ask the owner for the money back. In any case, the invoice must be made out in the owner's name. You can find the information on the car papers.

As an owner, how do you know whether the car has an internal or external comprehensive package? Every car with a residual value of 10,000 euros or more has an external comprehensive insurance through Ethias. If the residual value has fallen (sufficiently) below 10,000 euros, the comprehensive insurance will be fully arranged via Dégage itself. If in doubt, ask Dégage. You can always find the residual value in the dashboard of your car. If 'glass breakage via internal insurance' is checked in the basic information of your car, then your car has an internal comprehensive insurance via Dégage.

What about the mileage?
Driving to the repairer can be done by the borrower, if the owner also feels comfortable doing so. This way the owner is relieved a bit. If the owner likes to drive himself, that is of course also possible. The mileage that was driven depending on the claim can be passed on to Dégage. We will then ensure that they are registered in the borrower's name. 

The invoice will initially be paid by the owner - for accounting reasons. Then charged (important!). We will then refund in full. There is no deductible in the event of glass breakage. So no one will have to pay a personal contribution for this.","Y a-t-il un astérisque sur le pare-brise sans raison apparente ? Le conducteur ne peut alors pas y faire grand-chose. Dégage y intervient pleinement. Il n'y a pas de franchise.

Si l’astérisque n’est pas dans votre champ de vision, il n’est pas nécessaire de le réparer en urgence. Cette règle s’applique même au contrôle technique automobile.
Si l'astérisque se trouve dans votre champ de vision, il devra être réparé. Mais vous pouvez attendre quelques jours en toute sécurité. Envoyez un email àschade@degage.be pour les options.

Il existe deux options de réparation : 

  Bris de glace via assurance tous risques interne (Dégage) : Nous souhaitons que les gens ne conduisent pas chez Carglass car cela coûte (trop) cher pour (le fonds de dommages de) Dégage. Les options moins chères sont AGK Dampoort (Africalaan 50, Gand 09/2238417) ou Autoglas Vlaanderen (0476/757767). Le propriétaire avance la facture, Dégage rembourse le propriétaire. Il est important que le propriétaire facture la facture des frais de voiture sous le type DOMMAGES.

  Bris de glace via une assurance tous risques externe (Ethias) : Si la voiture dispose d'une assurance tous risques auprès d'Ethias, Carglass le peut. L’avantage est que la facturation s’effectue alors directement entre Carglass et Ethias. Si vous êtes allé chez AGK, ce n'est certainement pas grave aussi. Vous envoyez ensuite la facture à Dégage qui se chargera à son tour de la régler avec Ethias.

Si c'est l'emprunteur qui conduit la voiture chez le réparateur, l'emprunteur doit avancer la facture puis demander le remboursement au propriétaire. Dans tous les cas, la facture doit être établie au nom du propriétaire. Vous pouvez trouver les informations sur les papiers de la voiture.

En tant que propriétaire, comment savoir si la voiture dispose d’un package complet interne ou externe ? Chaque voiture d'une valeur résiduelle de 10 000 euros ou plus bénéficie d'une assurance tous risques externe via Ethias. Si la valeur résiduelle est tombée (suffisamment) en dessous de 10 000 euros, l'assurance tous risques sera entièrement souscrite par Dégage lui-même. En cas de doute, demandez à Dégage. Vous pouvez toujours trouver la valeur résiduelle dans le tableau de bord de votre voiture. Si « bris de glace via assurance interne » est coché dans les informations de base de votre voiture, alors votre voiture dispose d'une assurance tous risques interne via Dégage.

Et le kilométrage ?
Le déplacement jusqu'au réparateur peut être effectué par l'emprunteur, si le propriétaire se sent également à l'aise de le faire. De cette façon, le propriétaire est un peu soulagé. Si le propriétaire aime conduire lui-même, c'est bien sûr également possible. Le kilométrage parcouru en fonction du sinistre peut être transmis à Dégage. Nous veillerons ensuite à ce qu'ils soient enregistrés au nom de l'emprunteur. 

La facture sera initialement payée par le propriétaire - pour des raisons comptables. Puis chargé (important !). Nous vous rembourserons alors intégralement. Il n’y a pas de franchise en cas de bris de glace. Personne n’aura donc à payer de contribution personnelle pour cela.","Is er een sterretje in de voorruit zonder aanwijsbare redenen? Dan kan de bestuurder hier weinig aan doen. Dégage komt hierin volledig tussen. Er is geen franchise.

Bevindt het sterretje zich niet in je gezichtsveld, dan is het niet noodzakelijk dit dringend te herstellen. Zelfs voor de autokeuring geldt deze regel.
Bevindt het sterretje zich wél in je gezichtsveld, dan zal het wel hersteld moeten worden. Maar je kan gerust hiermee enkele dagen wachten. Stuur een mailtje naar schade@degage.be voor de mogelijkheden.

Bij herstelling zijn er twee opties: 

  glasbreuk via interne omnium (Dégage): We hebben graag dat er niét naar Carglass wordt gereden omdat dit (te) duur is voor (het schadefonds van) Dégage. Goedkopere opties zijn AGK Dampoort (Afrikalaan 50, Gent 09/2238417) of Autoglas Vlaanderen (0476/757767). De eigenaar schiet de factuur voor, Dégage betaalt de eigenaar terug. Het is belangrijk dat de eigenaar de factuur oplaadt bij autokosten onder type SCHADE.

  glasbreuk via externe omnium (Ethias): Heeft de auto een omnium bij Ethias, dan kan Carglass wél. Voordeel is dat de facturatie dan rechtstreeks geregeld wordt tussen Carglass en Ethias. Ben je toch naar AGK gegaan, dan is dat zeker ook oké. Dan stuur je wel de factuur op naar Dégage die het op haar beurt regelt met Ethias.

Is het de ontlener die met de wagen naar de hersteller rijdt, dan dient de ontlener de factuur voor te schieten en nadien het geld terug te vragen aan de eigenaar. De factuur moet sowieso op naam van de eigenaar opgemaakt worden. De gegevens vind je terug op de autopapieren.

Hoe weet je als eigenaar of de auto een interne of externe omnium heeft? Elke auto met een restwaarde van 10.000 euro of meer heeft een externe omnium via Ethias. Is de restwaarde (voldoende) gedaald onder de 10.000 euro, dan wordt de omnium volledig geregeld via Dégage zelf. Bij twijfel, vraag het aan Dégage. De restwaarde kan je steeds terugvinden in het dashboard van je auto. Staat in de basisinfo van je auto 'glasbreuk via interne verzekering' aangevinkt, dan heeft je auto een interne omnium via Dégage.

Wat met de kilometerstanden?
Het rijden naar de hersteller kan gedaan worden door de ontlener, als de eigenaar zich hierbij ook comfortabel voelt. Op die manier wordt de eigenaar een beetje ontlast. Als de eigenaar graag zelf rijdt kan dat uiteraard ook. De km-standen die gereden werden in functie van het schadegeval kan aan Dégage worden doorgegeven. Dan zorgen we dat die op naam van de ontlener komen. 

De factuur zal in eerste instantie - om boekhoudkundige redenen - door de eigenaar betaald worden. Daarna opgeladen (belangrijk!). Wij betalen dan integraal terug. Bij glasbreuk is er geen franchise. Dus niemand zal hiervoor een eigen bijdrage moeten betalen.",Yes,text,,public,,There is an asterisk in the windshield. What should I do?,Il y a un astérisque sur le pare-brise. Que dois-je faire?,Er is een sterretje in de voorruit. Wat moet ik doen?,
faq-31-ik-heb-schade-berokkend-aan-de-deelauto-hoeveel-moet,"An accident? Consult our FAQ 'what to do in the event of an accident' for proper follow-up.

Your own share amounts to a maximum of 750 euros. In the event of damage, Dégage always compensates a third party out of solidarity. With this we mainly try to alleviate minor damage. In concrete terms, in the event of damage, you always pay two-thirds of the damage costs, with a maximum of €750.

Some examples: 

  damage of €300: €100 by Dégage; €200 by borrower

  damage of €750: €250 by Dégage; €500 by borrower

  damage of €1000: €334 by Dégage; €666 by borrower

  damage of €1125: €375 by Dégage; €750 by borrower

  damage of €1300: €550 by Dégage; €750 by borrower

Intervention is made through the insurer or Dégage's compensation fund. Your own share is always the same regardless of which shared car you drive. Are you the owner yourself? Then you advance the repair invoice. Dégage will issue you a credit note so that your share is also limited to 750 euros.

Did you also cause damage to an opposing party? Then consult the FAQ 'What if damage to the other party?'.","Un accident ? Consultez notre FAQ 'que faire en cas d'accident' pour la bonne suite.

Votre propre part s'élève au maximum à 750 euros. En cas de sinistre, Dégage indemnise toujours un tiers par solidarité. Avec cela, nous essayons principalement d’atténuer les dommages mineurs. Concrètement, en cas de sinistre, vous payez toujours les deux tiers des frais du sinistre, avec un maximum de 750 €.

Quelques exemples : 

  dommage de 300 € : 100 € par Dégage ; 200 € par emprunteur

  dommage de 750 € : 250 € par Dégage ; 500 € par emprunteur

  dommage de 1000 € : 334 € par Dégage ; 666 € par emprunteur

  dommage de 1125 € : 375 € par Dégage ; 750 € par emprunteur

  dommage de 1300 € : 550 € par Dégage ; 750 € par emprunteur

L'intervention se fait par l'intermédiaire de l'assureur ou de la caisse d'indemnisation de Dégage. Votre propre part est toujours la même, quelle que soit la voiture partagée que vous conduisez. Êtes-vous vous-même propriétaire ? Ensuite vous avancez la facture de réparation. Dégage vous délivrera un avoir afin que votre part soit également limitée à 750 euros.

Avez-vous également causé des dommages à une partie adverse ? Consultez ensuite la FAQ « Et en cas de dommage à l'autre partie ? ».","Een ongeval? Raadpleeg onze FAQ 'wat te doen bij een ongeval' voor een juiste opvolging.

Je eigen aandeel bedraagt max. 750 euro. Bij schade komt Dégage steeds een derde tussen uit solidariteit. Hiermee proberen we vooral kleine schade wat te verzachten. Concreet betaal je bij schade steeds twee derde van de schadekosten, met een maximum van €750.

Enkele voorbeelden: 

  schade van € 300: € 100 door Dégage; € 200 door ontlener

  schade van € 750: € 250 door Dégage; € 500 door ontlener

  schade van € 1000: € 334 door Dégage; € 666 door ontlener

  schade van € 1125: € 375 door Dégage; € 750 door ontlener

  schade van € 1300: € 550 door Dégage; € 750 door ontlener

Tussenkomst verloopt via de verzekeraar of het schadefonds van Dégage. Je eigen aandeel is steeds dezelfde ongeacht met welke deelauto je rijdt. Ben je zelf eigenaar? Dan schiet je de herstelfactuur voor. Dégage zal je een creditnota opstellen zodat ook jouw aandeel tot 750 euro wordt begrensd.

Berokkende je ook schade aan een tegenpartij? Raadpleeg dan de FAQ 'Wat bij schade aan tegenpartij?'.",Yes,text,,public,,I have caused damage to the shared car. How much do I have to pay?,J'ai causé des dommages à la voiture partagée. Combien dois-je payer ?,Ik heb schade berokkend aan de deelauto. Hoeveel moet ik betalen?,
faq-32-ik-veroorzaakte-schade-aan-een-tegenpartij-hoeveel-m,"In the event of an accident, always check the FAQ 'What to do in the event of an accident'.

Has an opponent suffered damage because of you? You will then be charged a bonus malus surcharge for damage to third parties. This is calculated on the basis of the repair invoice of the counterparty and amounts to a maximum of 200 euros.

You may also have damage to the shared car. Read the FAQ 'Damage to the shared car' to know your own share.","En cas d'accident, consultez toujours la FAQ « Que faire en cas d'accident ».

Un adversaire a-t-il subi des dégâts à cause de vous ? Un supplément bonus malus vous sera alors facturé pour les dommages causés aux tiers. Celui-ci est calculé sur la base de la facture de réparation de la contrepartie et s'élève au maximum à 200 euros.

Vous pourriez également avoir des dommages à la voiture partagée. Lisez la FAQ « Dommages à la voiture partagée » pour connaître votre propre part.","Check bij een ongeval steeds de FAQ 'Wat te doen bij een ongeval'.

Heeft een tegenpartij schade door jou? Dan wordt je een bonus malus toeslag aangerekend voor schade aan derden. Deze wordt berekend op basis van de herstelfactuur van de tegenpartij en bedraagt maximaal 200 euro.

Wellicht heb je ook schade aan de deelauto. Lees de FAQ 'Schade aan de deelauto' om je eigen aandeel te kennen.",Yes,text,,public,,I caused damage to an opponent. How much do I have to pay?,J'ai causé des dégâts à un adversaire. Combien dois-je payer ?,Ik veroorzaakte schade aan een tegenpartij. Hoeveel moet ik betalen?,
faq-46-moet-ik-een-schadecheck-doen-v-r-en-na-elke-rit,"Yes! We expect the driver to do a damage check before departure and upon return.

Within Dégage, car sharing is about caring for each other. Reporting damage in a timely manner prevents the next user from being faced with surprises and helps to keep our shared cars safe, reliable and affordable for everyone. Damage is not pleasant for anyone. When you go out with a car, you are responsible for the vehicle and therefore also for any new damage. To avoid misunderstandings, we ask for:

  Always do a short damage check upon departure (a walk around the car). Are you in doubt about something? Consult the owner's damage log, which records existing damage. Do you see something new that is not yet listed? Then take clear photos and let the owner know before leaving.

  When you return, check the car again for damage. Photos help to confirm that everything is in order and ensure that both you and the next user can use the car with confidence. 

This damage check is very important to determine the liability for the damage. Dégage applies this strictly.

  If damage is noticed during or after your ride that you did not report before the start, you are responsible for this damage.

  If you report damage before your departure, the previous driver will be contacted about this damage.","Oui! Nous attendons du chauffeur qu'il effectue un contrôle des dégâts avant le départ et au retour.

Au sein de Dégage, l’autopartage, c’est prendre soin les uns des autres. Signaler les dommages en temps opportun évite au prochain utilisateur d'être confronté à des surprises et contribue à maintenir nos voitures partagées sûres, fiables et abordables pour tous. Les dégâts ne sont agréables pour personne. Lorsque vous sortez en voiture, vous êtes responsable du véhicule et donc également de tout nouveau dommage. Pour éviter les malentendus, nous demandons :

  Effectuez toujours un petit contrôle des dégâts au moment du départ (une promenade autour de la voiture). Vous avez un doute sur quelque chose ? Consultez le journal des dommages du propriétaire, qui enregistre les dommages existants. Voyez-vous quelque chose de nouveau qui n’est pas encore répertorié ? Prenez ensuite des photos claires et informez-en le propriétaire avant de partir.

  À votre retour, vérifiez à nouveau si la voiture est endommagée. Les photos permettent de confirmer que tout est en ordre et de garantir que vous et le prochain utilisateur puissiez utiliser la voiture en toute confiance. 

Ce contrôle des dommages est très important pour déterminer la responsabilité du dommage. Dégage l'applique strictement.

  Si des dommages sont constatés pendant ou après votre trajet et que vous n'avez pas signalés avant le départ, vous êtes responsable de ces dommages.

  Si vous signalez un dommage avant votre départ, le conducteur précédent sera contacté au sujet de ce dommage.","Ja! We verwachten dat de bestuurder een schadecheck doet vóór vertrek en bij terugkomst.

Binnen Dégage draait autodelen om zorg voor elkaar. Schade tijdig melden voorkomt dat de volgende gebruiker voor verrassingen komt te staan en helpt om onze deelauto’s veilig, betrouwbaar en betaalbaar te houden voor iedereen. Schade is voor niemand prettig. Wanneer je met een auto op stap bent, ben je wel verantwoordelijk voor het voertuig en dus ook voor nieuwe schade. Om misverstanden te vermijden, vragen we om:

  bij vertrek steeds een korte schadecheck te doen (een rondje rond de auto). Twijfel je over iets? Raadpleeg het schadelogboek van de eigenaar, waarin bestaande schade wordt bijgehouden. Zie je iets nieuws dat er nog niet in staat? Maak dan duidelijke foto’s en laat het weten aan de eigenaar alvorens te vertrekken.

  Bij terugkomst opnieuw de auto te checken op schade. Foto’s helpen om samen te bevestigen dat alles in orde is en zorgen dat zowel jij als de volgende gebruiker met vertrouwen de auto kunnen gebruiken. 

Deze schadecheck is heel belangrijk om de aansprakelijkheid van de schade te bepalen. Dégage past dit strikt toe.

  Wordt tijdens of na je rit schade gemerkt die je vóór aanvang niet hebt gemeld, dan ben je verantwoordelijk voor deze schade.

  Meld je schade vóór je vertrek, dan wordt de vorige bestuurder aangesproken over deze schade.",Yes,text,,public,,Do I have to do a damage check before and after every ride?,Dois-je faire un contrôle des dégâts avant et après chaque trajet ?,Moet ik een schadecheck doen vóór en na elke rit?,
faq-30-wat-moet-ik-doen-als-er-schade-werd-berokkend-door-o,"Unfortunately, hit-and-run accidents do happen. Sometimes there are witnesses and the other party is identified anyway, so be sure to take the following steps.

  Call the police and/or file a complaint with the police. They (sometimes) draw up a report and investigate the situation.

  Find witnesses

If the other party is found, the damage will be recovered from the other party. If this is not found and the damage occurred during your ride, you are liable for the damage. Consult the FAQ 'What do I pay in case of damage to a shared car' for more information.","Malheureusement, des accidents avec délit de fuite surviennent. Parfois, il y a des témoins et l’autre partie est identifiée de toute façon, alors assurez-vous de suivre les étapes suivantes.

  Appelez la police et/ou déposez une plainte auprès de la police. Ils rédigent (parfois) un rapport et enquêtent sur la situation.

  Trouver des témoins

Si l'autre partie est retrouvée, les dommages seront récupérés auprès de l'autre partie. Si cela n'est pas constaté et que les dommages sont survenus pendant votre trajet, vous êtes responsable des dommages. Consultez la FAQ « Que dois-je payer en cas de dommage à une voiture partagée » pour plus d'informations.","Vluchtmisdrijf komt helaas voor. Soms zijn er wel getuigen en wordt de tegenpartij toch geïdentificeerd, dus onderneem zeker volgende stappen.

  Bel de politie en/of dien een klacht in bij de politie. Zij stellen (soms) een pv op en onderzoeken de situatie.

  Zoek getuigen

Wordt de tegenpartij gevonden, dan zal de schade verhaald worden op de tegenpartij. Wordt deze niet gevonden en de schade ontstond tijdens je rit, dan ben jij aansprakelijk voor de schade. Raadpleeg de FAQ 'Wat betaal ik bij schade aan deelauto' voor meer informatie.",Yes,text,,public,,What should I do if damage was caused by strangers (hit and run)?,Que dois-je faire si les dégâts ont été causés par des étrangers (délit de fuite) ?,Wat moet ik doen als er schade werd berokkend door onbekenden (vluchtmisdrijf)?,
faq-54-wat-moet-ik-doen-bij-een-ongeval,"There is always a first aid sheet in the event of an accident in the car with step-by-step instructions on what to do in the event of an accident. 

In the event of an accident, stress often takes over. That is why we have listed the most important steps:

  Keep yourself and others safe

  Take photos: before and after moving the car (if the situation allows)

  Find witnesses

  Complete a European accident form. This already contains the most important data about the car.

  Is there disagreement? Do not call the police and/or sign the form.

  Notify the owner as soon as possible

  Report the damage to Dégage via your ride in degapp or degapp.be/schade

  Provide your full cooperation in handling the claim - that is good for the owner and Dégage

  The owner or borrower NEVER contacts the insurer of the car themselves, Dégage does this. Dégage always first weighs the intervention of this insurance against its own compensation fund.

Can you no longer drive the vehicle? Contact Ethias assistance center: +32 (0)11 28 28 28 in the event of an accident for further guidance. Be careful, some cars have their own accident assistance, so be sure to check the sheet (or mileage sheet) for the correct telephone number! Have the car towed to a garage recognized by Ethias or (if shared car from Ghent) preferably to our regular repairer: Filip De Clercq, Grensstraat 116-118, 9000 Ghent (092267135). 

Any questions? Email toschade@degage.be.","Il y a toujours une fiche de premiers secours en cas d'accident en voiture avec des instructions étape par étape sur ce qu'il faut faire en cas d'accident. 

En cas d'accident, le stress prend souvent le dessus. C'est pourquoi nous avons répertorié les étapes les plus importantes :

  Protégez-vous et protégez les autres

  Prendre des photos : avant et après avoir déplacé la voiture (si la situation le permet)

  Trouver des témoins

  Remplissez un formulaire d'accident européen. Celui-ci contient déjà les données les plus importantes sur la voiture.

  Y a-t-il un désaccord ? N'appelez pas la police et/ou ne signez pas le formulaire.

  Prévenir le propriétaire dans les plus brefs délais

  Signalez les dégâts à Dégage via votre trajet sur degapp ou degapp.be/schade

  Fournissez votre entière coopération dans le traitement de la réclamation - c'est bon pour le propriétaire et Dégage

  Le propriétaire ou l'emprunteur ne contacte JAMAIS lui-même l'assureur de la voiture, c'est Dégage qui le fait. Dégage évalue toujours au préalable l'intervention de cette assurance par rapport à son propre fonds d'indemnisation.

Vous ne pouvez plus conduire le véhicule ? Contactez le centre d'assistance Ethias : +32 (0)11 28 28 28 en cas d'accident pour plus d'informations. Attention, certaines voitures disposent de leur propre assistance accident, pensez donc à bien vérifier la fiche (ou la fiche kilométrique) pour connaître le bon numéro de téléphone ! Faites remorquer la voiture jusqu'à un garage reconnu par Ethias ou (si voiture partagée de Gand) de préférence chez notre réparateur habituel : Filip De Clercq, Grensstraat 116-118, 9000 Gand (092267135). 

Des questions ? Email à toschade@degage.be.","In de auto ligt er steeds een fiche eerste hulp bij ongeval met stap voor stap de zaken die je moet ondernemen bij een ongeval. 

Bij een ongeval neemt stress vaak de overhand. Daarom zetten we de belangrijkste stappen nog even op een rijtje:

  Breng jezelf en anderen in veiligheid

  Neem foto’s: voor én na verplaatsen van de auto (als de situatie het toelaat)

  Zoek getuigen

  Vul een Europees aanrijdingsformulier in. Deze bevat reeds de belangrijkste gegevens van de auto.

  Is er onenigheid? Bel de politie en/of handteken het formulier niet.

  Breng asap de eigenaar op de hoogte

  Geef de schade door aan Dégage via je rit in degapp of degapp.be/schade

  Geef je volle medewerking in de afhandeling van het schadegeval - dat is fijn voor de eigenaar én Dégage

  De eigenaar of ontlener contacteren NOOIT zelf de verzekeraar van de auto, Dégage doet dit. Dégage weegt de tussenkomst van deze verzekering altijd eerst af met haar eigen schadefonds.

Kan je niet meer met het voertuig rijden? Contacteer Ethias bijstandscentrale: +32 (0)11 28 28 28 bij ongeval voor verdere begeleiding. Pas op, sommige auto's hebben een eigen ongevalbijstand, dus check zeker de fiche (of kilometerblad) voor het juiste telefoonnummer! Laat de wagen slepen naar een door Ethias erkende garage of (indien deelauto van Gent) bij voorkeur naar onze vaste hersteller: Filip De Clercq, Grensstraat 116-118, 9000 Gent (092267135). 

Nog vragen? Mail naar schade@degage.be.",Yes,text,,public,,What should I do in the event of an accident?,Que dois-je faire en cas d'accident ?,Wat moet ik doen bij een ongeval?,
faq-12-ik-ga-op-reis-zonder-auto-en-zou-mijn-auto-liefst-bl,"It is better for everyone that a car does not stand still for long. If you travel without a car, share your car while you are away. Dégage will help you with this.

Option 1: Plan in advance

Fill in the weeks of your absence with loans in the Degapp tool. Make sure they are open in time in your reservation calendar. The 'ignore time restrictions' option can help you make pre-defined periods available. Through conversations when collecting the key or through your informative text, you can ask your borrowers months or weeks in advance and motivate them to book the car for a longer period during your trip. Perhaps you can also have it bridged by two or three borrowers who pass on the key to each other during your absence. This is possible even without a key safe, as borrowers can always see the contact details of the people before and after them when making their reservation. Please let them know in advance that they must arrange the key among themselves.

Option 2: Pass on your role as owner to a car sitter

Many borrowers find it pleasant to 'have' a car for a longer period of time. Such a car sitter is a person who looks after your car and in the meantime manages the reservations and arranges the key appointments. For example, the car can be temporarily parked at this person's address. Feel free to ask one of your borrowers who comes by most often or a borrower you know personally. Temporarily set a new password in Degapp and give it to the car sitter. This way, the car sitter can follow up on requests via Degapp. 

If you are away for a longer period of time and you want to offer the car sitter the comfort of monitoring everything carefully for a long time, email the following matters to info@degage.be. This way, Dégage can ensure that the requests also end up in the mailbox of the car sitter.

  your name and email

  new name and email address of car sitter

  the travel period

  your mutual agreements regarding the quarterly settlement

It is important that you announce in your car sheet when you are leaving and where the car will be staying during that time. You also report it every time when approving the reservations. You also agree with the car sitter what to do with the reservations after your return.","Il est préférable pour tout le monde qu'une voiture ne reste pas immobile longtemps. Si vous voyagez sans voiture, partagez votre voiture pendant votre absence. Dégage vous y aidera.

Option 1 : Planifiez à l’avance

Remplissez les semaines de votre absence avec des prêts dans l'outil Degapp. Assurez-vous qu'ils sont ouverts à temps dans votre calendrier de réservation. L'option « ignorer les restrictions de temps » peut vous aider à rendre disponibles des périodes prédéfinies. Grâce à des conversations lors de la récupération de la clé ou à travers votre texte informatif, vous pouvez demander à vos emprunteurs des mois ou des semaines à l'avance et les motiver à réserver la voiture pour une période plus longue pendant votre voyage. Peut-être pouvez-vous aussi le faire combler par deux ou trois emprunteurs qui se transmettent la clé pendant votre absence. Cela est possible même sans coffre-fort à clés, car les emprunteurs peuvent toujours voir les coordonnées des personnes avant et après eux lors de leur réservation. Veuillez leur faire savoir à l'avance qu'ils doivent organiser la clé entre eux.

Option 2 : transmettre votre rôle de propriétaire à un car sitter

De nombreux emprunteurs trouvent agréable de « posséder » une voiture pendant une période plus longue. Un tel car sitter est une personne qui s'occupe de votre voiture et gère entre-temps les réservations et organise les rendez-vous clés. Par exemple, la voiture peut être garée temporairement à l'adresse de cette personne. N'hésitez pas à interroger l'un de vos emprunteurs qui passe le plus souvent ou un emprunteur que vous connaissez personnellement. Définissez temporairement un nouveau mot de passe dans Degapp et donnez-le au gardien de voiture. De cette façon, le car sitter peut donner suite aux demandes via Degapp. 

Si vous êtes absent pour une longue période et que vous souhaitez offrir au car sitter le confort de tout surveiller attentivement pendant une longue période, envoyez les questions suivantes par e-mail à info@degage.be. De cette façon, Dégage peut s'assurer que les demandes arrivent également dans la boîte mail du car sitter.

  votre nom et email

  nouveaux nom et adresse e-mail du gardien de voiture

  la période de voyage

  vos accords mutuels concernant le règlement trimestriel

Il est important que vous annonciez sur votre fiche de voiture quand vous partez et où la voiture restera pendant cette période. Vous le signalez également à chaque fois lors de l’approbation des réservations. Vous convenez également avec le car sitter de ce que vous ferez des réservations après votre retour.","Het is voor iedereen beter dat een auto niet lang stil staat. Ga je zonder auto op reis, deel ook tijdens jouw afwezigheid je auto. Dégage helpt je hierbij.

Optie 1: Plan vooraf

Vul de weken van je afwezigheid in met ontleningen in de Degapp-tool. Zorg ervoor dat ze tijdig open staan in jouw reservatiekalender. De optie 'tijdsbeperkingen negeren' kan je helpen om vooraf afgebakende periodes beschikbaar te zetten. Via gesprekken bij het afhalen van de sleutel of via je informatief tekstje kan je jouw ontleners de maanden of weken vooraf al bevragen en motiveren om gedurende jouw reisje de auto voor een langere periode te boeken. Misschien kan je het ook laten overbruggen door twee of drie ontleners die onderling de sleutel doorgeven tijdens jouw afwezigheid. Zelfs zonder sleutelkluisje is dit mogelijk, aangezien de ontleners altijd de contactgegevens van de personen voor en na hen kunnen zien bij hun reservatie. Laat hen wel voldoende op voorhand weten dat ze de sleutel onderling moeten regelen.

Optie 2: Geef je rol als eigenaar door aan een autositter

Heel wat ontleners vinden het eens aangenaam voor langere tijd een auto te 'hebben'. Zo'n autositter is een persoon die past op je auto en intussen de reservaties beheert en de sleutelafspraken regelt. De auto kan dan bijvoorbeeld tijdelijk op het adres staan van deze persoon. Vraag het gerust aan één van je ontleners die het meest langs komt of een ontlener die je persoonlijk kent. Stel tijdelijk een nieuw wachtwoord in in Degapp en geef deze aan de autositter. Zo kan de autositter de aanvragen via Degapp opvolgen. 

Ben je langer weg en wil je de autositter het comfort bieden om alles voor lange tijd goed op te volgen, mail volgende zaken naar info@degage.be. Zo kan Dégage ervoor zorgen dat de aanvragen ook in de mailbox van de autositter terecht komen.

  jouw naam en mail

  nieuwe naam en mailadres autositter

  de reisperiode

  jullie onderlinge afspraken rond de kwartaalafrekening

Het is belangrijk dat je in je autofiche aankondigt wanneer je weg gaat en waar de auto die tijd zal verblijven. Ook meld je het telkens bij de goedkeuringen van de reservaties. Voorts spreek je met de autositter goed af wat te doen met de reservaties na je terugkomst.",Yes,text,,public,,I am going on a trip without a car and would prefer to continue to lend my car. How do I start that?,Je pars en voyage sans voiture et je préfère continuer à prêter ma voiture. Comment puis-je démarrer ça ?,Ik ga op reis zonder auto en zou mijn auto liefst blijven uitlenen. Hoe begin ik daaraan?,
faq-48-ik-wil-graag-een-sleutelkluisje-installeren-hoe-pak-,"You can certainly find a key safe in a DIY store. It is best to slightly larger than the standard size because a car key can be large. We recommend that you actually try on the key before purchasing. We already had several owners who bought a safe in which the key turned out not to fit. :-) Brands that have already been passed over: Masterlock, Olymp, Abus, ... But they also have good other models in the range or brico. 

The costs of a key safe can be included within Dégage as a car expense. The average price varies between 25-40 euros. A key safe costing 250 euros (I kid you not!) doesn't really have any added value ;-) 

At Dégage we understand the use of key boxes, especially in Ghent. Key safes relieve the burden on owners in busy neighborhoods and help owners for whom it is not feasible to hand over keys. We strongly advise owners to have physical contact with the borrower (i.e. a borrower who is new to you) upon first use. This creates trust between both parties and guarantees the necessary information transfer. An introduction or introduction to the car and owner is actually more than logical, after all it is a valuable object that our members can drive. State in your car description that you only use your key box if there is no other option, so that users can still make a key appointment.

We also recommend not using the key safes continuously for safety reasons. It is best not to leave the key permanently in the locker. Make sure to change the code regularly (at least 6 months).","Vous pouvez certainement trouver un coffre à clés dans un magasin de bricolage. Il est préférable d'être légèrement plus grand que la taille standard car une clé de voiture peut être grande. Nous vous recommandons d'essayer la clé avant de l'acheter. Nous avons déjà eu plusieurs propriétaires qui ont acheté un coffre-fort dans lequel la clé ne rentrait pas. :-) Des marques déjà passées sous silence : Masterlock, Olymp, Abus, ... Mais elles ont aussi de bons autres modèles dans la gamme ou brico. 

Les frais d'un coffre-fort à clés peuvent être inclus dans Dégage comme frais de voiture. Le prix moyen varie entre 25 et 40 euros. Un coffre à clés à 250 euros (je ne plaisante pas !) n'a pas vraiment de valeur ajoutée ;-) 

Chez Dégage nous comprenons l'utilisation des boîtes à clés, notamment à Gand. Les coffres-forts à clés soulagent les propriétaires des quartiers animés et aident les propriétaires pour lesquels il n'est pas possible de remettre les clés. Nous conseillons fortement aux propriétaires d'avoir un contact physique avec l'emprunteur (c'est-à-dire un emprunteur qui est nouveau pour vous) lors de la première utilisation. Cela crée la confiance entre les deux parties et garantit le transfert d’informations nécessaire. Une introduction ou une introduction à la voiture et à son propriétaire est en fait plus que logique, après tout, c'est un objet précieux que nos membres peuvent conduire. Indiquez dans la description de votre voiture que vous n'utilisez votre boîte à clés que s'il n'y a pas d'autre option, afin que les utilisateurs puissent toujours prendre un rendez-vous clé.

Nous vous recommandons également de ne pas utiliser les coffres-forts à clés en permanence pour des raisons de sécurité. Il est préférable de ne pas laisser la clé en permanence dans le casier. Assurez-vous de changer le code régulièrement (au moins 6 mois).","In een doe-het-zelf-zaak kan je zeker een sleutelkluisje vinden. Best iets groter dan het standaardformaat want een autosleutel kan groot zijn. We raden aan om echt de sleutel er eens in te passen vooraleer aan te kopen. We hadden al meerdere eigenaars die een kluisje kochten waar de sleutel dan niet bleek in te passen. :-) Merken die al gepasseerd zijn: Masterlock, Olymp, Abus, ... Maar in de gamma of brico hebben ze ook wel nog goede andere modellen. 

De onkosten van een sleutelkluisje kunnen binnen Dégage worden ingebracht als autokost. De gemiddelde prijs varieert tussen 25-40 euro. Een sleutelkluisje van 250 euro (I kid you not!) heeft niet echt meerwaarde ;-) 

Vanuit Dégage begrijpen we het gebruik van sleutelkastjes, zeker in Gent. Sleutelkluisjes ontlasten eigenaars in drukke buurten en helpen eigenaars voor wie het niet haalbaar is om sleutels te overhandigen. We raden eigenaars ten sterkste aan om bij een eerste gebruik wel fysiek contact te hebben met de ontlener (dus een ontlener die nieuw is voor je). Dat creëert vertrouwen tussen beide partijen en garandeert de nodige informatie-overdracht. Een kennismaking of introductie van de wagen én eigenaar is eigenlijk meer dan logisch, tenslotte is het een waardevol object waarmee onze leden mogen rijden. Zet in je auto-omschrijving zetten dat je je sleutelkastje enkel gebruikt indien niet anders kan, zodat gebruikers nog steeds een sleutelafspraak maken.

We raden ook aan om de sleutelkluisjes omwille van veiligheid niet continu te gebruiken. De sleutel wordt best niet permanent in het kluisje achtergelaten. Zorg regelmatig (minstens 6 maanden) voor het veranderen van de code.",Yes,text,,public,,I would like to install a key safe. How do I approach this?,Je souhaite installer un coffre à clés. Comment aborder cela ?,Ik wil graag een sleutelkluisje installeren. Hoe pak ik dit aan?,
faq-11-ik-wil-mijn-auto-wel-uitlenen-maar-het-maken-van-een,"Making a key appointment is important for a smooth process. 

Solutions that we often heard in the owners meetings are:

  working with a key safe in your absence: you hang such a safe at your home and pass on the code (e.g. by text message) to the borrower. The code should be changed regularly.

  For subsequent bookings, you can inform the borrowers that they must deliver the key to each other. In such a case it is of course important to communicate this clearly to both borrowers.

  Using the spare key is also a solution: this way someone from a subsequent booking can already request the second key. Please note: be sure to mention that they cannot yet take the car, as it may have been booked by someone else...","Prendre un rendez-vous clé est important pour le bon déroulement du processus. 

Les solutions que nous avons souvent entendues lors des réunions de propriétaires sont :

  travailler avec un coffre-fort à clés en votre absence : vous accrochez un tel coffre-fort chez vous et transmettez le code (par exemple par SMS) à l'emprunteur. Le code doit être modifié régulièrement.

  Pour les réservations ultérieures, vous pouvez informer les emprunteurs qu'ils doivent se remettre la clé. Dans un tel cas, il est bien entendu important d’en informer clairement les deux emprunteurs.

  L'utilisation de la clé de rechange est également une solution : de cette façon, une personne d'une réservation ultérieure peut déjà demander la deuxième clé. Attention : n'oubliez pas de mentionner qu'ils ne peuvent pas encore prendre la voiture, car celle-ci a peut-être été réservée par quelqu'un d'autre...","Het maken van een sleutelafspraak is belangrijk voor een goed verloop. 

Oplossingen, die we vaak hoorden in de eigenaarsvergaderingen, zijn:

  werken met een sleutelkluisje bij afwezigheid: je hangt zo'n kluisje op aan je woning en je geeft de code (bv. per sms) door aan de ontlener. De code wordt best regelmatig gewijzigd.

  bij aansluitende boekingen, kan je doorgeven aan de ontleners dat ze de sleutel aan elkaar moeten bezorgen. Het is in zo'n geval natuurlijk belangrijk om dit duidelijk aan beide ontleners te communiceren.

  gebruik maken van de reservesleutel is ook een oplossing: op die manier kan iemand van een volgende boeking al om de tweede sleutel komen. Let wel op: vermeld zeker dat ze de wagen nog niet kunnen meenemen, aangezien hij misschien nog geboekt is door iemand anders...",Yes,text,,public,,"I would like to lend my car, but making a key appointment is difficult (e.g. in case of subsequent bookings, absence,...). How do I best solve this?","Je souhaite prêter ma voiture, mais la prise d'un rendez-vous clé est difficile (par exemple en cas de réservations ultérieures, d'absence,...). Comment puis-je résoudre au mieux ce problème ?","Ik wil mijn auto wel uitlenen, maar het maken van een sleutelafspraak loopt moeilijk (bv. bij aansluitende boekingen, afwezigheid,...). Hoe los ik dit best op?",
faq-66-hoe-kan-ik-meerdere-tankbeurten-tankbonnen-ingeven-b,"There are 2 ways to enter multiple refuelings that you made during one reservation. 

  OR you add up all amounts just as you add up all the liters refueled and provide proof where the separate fuel receipts can be clearly seen together.

  OR you enter 1 refueling after your ride and indicate in the pop-up that you want to enter additional refuelings later, so you can enter a new refueling.

If you enter multiple refuelings in the system, you will receive a confirmation email with only 1 refueling listed. Don't panic, your other refuelings were also registered correctly. In the overview in degapp you can check the amount for which refuelings were accepted and which mileage was registered. Do you see any errors here? Please report it via admin@degage.be.","Il existe 2 façons de saisir plusieurs ravitaillements que vous avez effectués lors d'une même réservation. 

  OU vous additionnez tous les montants de la même manière que vous additionnez tous les litres ravitaillés et fournissez une preuve où les reçus de carburant séparés peuvent être clairement vus ensemble.

  OU vous saisissez 1 ravitaillement après votre trajet et indiquez dans la fenêtre contextuelle que vous souhaitez saisir des ravitaillements supplémentaires plus tard, afin de pouvoir saisir un nouveau ravitaillement.

Si vous saisissez plusieurs ravitaillements dans le système, vous recevrez un e-mail de confirmation avec un seul ravitaillement répertorié. Pas de panique, vos autres ravitaillements ont également été correctement enregistrés. Dans l'aperçu de degapp, vous pouvez vérifier le montant pour lequel les ravitaillements ont été acceptés et le kilométrage enregistré. Voyez-vous des erreurs ici ? Merci de le signaler via admin@degage.be.","Er zijn 2 manieren om meerdere tankbeurten in te geven die je tijdens één reservatie deed. 

  OF je telt alle bedragen op net zoals je ook alle getankte liters optelt en zorgt voor een bewijsstuk waar de aparte tankbonnen duidelijk leesbaar samen te zien zijn.

  OF je geeft 1 tankbeurt in na je rit en duidt bij de pop-up aan dat je later nog tankbeurten wil ingeven, op die manier kan je een nieuwe tankbeurt ingeven.

Als je meerdere tankbeurten ingeeft in het systeem, krijg je een bevestigingsmail met maar 1 tankbeurt vermeld. Geen paniek, ook je andere tankbeurten werden correct geregistreerd. Je kan in het overzicht in degapp nagaan voor welk bedrag er tankbeurten aangenomen werden en welke kilometerstand geregistreerd werd. Zie je hier fouten? Meld het dan via admin@degage.be.",Yes,text,,public,,How can I enter multiple fuel fills / fuel receipts during one trip?,Comment puis-je saisir plusieurs pleins de carburant/reçus de carburant au cours d'un même trajet ?,Hoe kan ik meerdere tankbeurten / tankbonnen ingeven bij één rit?,
faq-34-hoe-weet-ik-welke-brandstof-ik-moet-tanken,"When you hand over the key, ask about the fuel, so you know immediately. The type of fuel is indicated both in the car sheet in Degapp and on the mileage sheet. This information is also often found on the inside of the fuel valve. Are you still in doubt? Be sure to call the owner. Incorrect refueling causes serious damage and is the responsibility of the borrower. You can choose where you refuel, preferably choose places where you can refuel cheaply. Ask about it when handing over the key.","Lorsque vous remettez la clé, renseignez-vous sur le carburant afin d'être immédiatement informé. Le type de carburant est indiqué à la fois sur la fiche automobile à Degapp et sur la fiche kilométrique. Cette information se trouve également souvent à l’intérieur du robinet de carburant. Vous avez encore des doutes ? Assurez-vous d'appeler le propriétaire. Un ravitaillement incorrect provoque de graves dommages et relève de la responsabilité de l'emprunteur. Vous pouvez choisir où vous faites le plein, choisissez de préférence des endroits où vous pouvez faire le plein à moindre coût. Renseignez-vous à ce sujet lors de la remise des clés.","Vraag bij overhandiging van de sleutel naar de brandstof, zo weet je het direct. De soort brandstof staat zowel aangeduid in de autofiche in Degapp als op het kilometerblad. Ook op aan de binnenzijde van brandstofklep staat veelal deze informatie. Twijfel je toch? Bel dan zeker de eigenaar op. Verkeerd tanken veroorzaakt zware schade en is de verantwoordelijkheid van de ontlener. Je kan kiezen waar je tankt, kies daarbij liefst voor plaatsen waar je goedkoop kan tanken. Vraag er al eens naar bij de overhandiging van de sleutel.",Yes,text,,public,,How do I know which fuel to fill up?,Comment savoir quel carburant faire le plein ?,Hoe weet ik welke brandstof ik moet tanken?,
faq-15-moet-ik-mijn-eigen-tankbeurten-registreren-in-degapp,"Yes. Any refueling you may have yourself will be included in the statements you receive every quarter. If you do not register your refuelings, this is a lost cost, because an unknown expense is logically not taken into account. If you fill up often and don't want to do much admin, you can work with a fuel card. Submit fuel charges to fuel stops, not car expenses. Even if it is a charging for an electric car.","Oui. Tout ravitaillement que vous pourriez faire vous-même sera inclus dans les relevés que vous recevrez chaque trimestre. Si vous n'enregistrez pas vos ravitaillements, c'est un coût perdu, car une dépense inconnue n'est logiquement pas prise en compte. Si vous faites souvent le plein et que vous ne voulez pas faire beaucoup d'administration, vous pouvez travailler avec une carte carburant. Soumettez les frais de carburant aux arrêts de carburant, et non aux dépenses de voiture. Même s’il s’agit d’une recharge pour une voiture électrique.","Ja. Je eventuele eigen tankbeurten worden mee opgenomen in de afrekeningen, die je elk kwartaal krijgt. Wanneer je dus je tankbeurten niet registreert, is dit een verloren kost, want met een niet-gekende uitgave wordt logischerwijze geen rekening gehouden. Wie vaak tankt en weinig admin wil doen, kan met een tankkaart werken. Breng een tankbeurt in bij tankbeurten, niet bij autokosten. Ook als het een oplaadbeurt is voor een elektrische auto.",Yes,text,,public,,Do I have to register my own refuelings in Degapp?,Dois-je enregistrer mes propres ravitaillements à Degapp ?,Moet ik mijn eigen tankbeurten registreren in Degapp?,
faq-33-moet-ik-steeds-tanken-tijdens-mijn-ritten,"No, make sure you have at least a half-full fuel tank when you return the car. That's nice for the next user. It is also better for yourself to refuel regularly, as this cost will be deducted from your bill, which will significantly reduce your final amount to be paid. If you fill up too much in relation to the number of kilometers, you will be refunded the positive difference at your next bill.","Non, assurez-vous d'avoir au moins un réservoir de carburant à moitié plein lorsque vous restituez la voiture. C'est bien pour le prochain utilisateur. Il est également préférable pour vous de faire le plein régulièrement, car ce coût sera déduit de votre facture, ce qui réduira considérablement votre montant final à payer. Si vous faites trop de plein par rapport au nombre de kilomètres, la différence positive vous sera remboursée sur votre prochaine facture.","Neen, zorg wel voor minstens een halfvolle brandstoftank als je de auto terugbrengt. Dat is leuk voor de volgende gebruiker. Ook voor jezelf is het beter om regelmatig eens te tanken, die kost wordt namelijk afgetrokken van je factuur, wat jouw uiteindelijk te betalen bedrag gevoelig verlaagt. Tank je teveel in verhouding met het aantal kilometers, dan krijg je het positieve verschil terugbetaald bij je volgende afrekening.",Yes,text,,public,,Do I always have to refuel during my journeys?,Dois-je toujours faire le plein pendant mes trajets ?,Moet ik steeds tanken tijdens mijn ritten?,
faq-35-wat-moet-ik-concreet-in-orde-brengen-na-een-tankbeur,"Note the mileage when refueling, the number of liters and the amount on the mileage sheet. Register the refueling after the ride in Degapp, filling in the same details and uploading a photo of the ticket. So don't forget to take a ticket after refueling. If a fuel receipt is not available, you can provide proof of payment using: the account statement (e.g. print screen or clear photo of the home banking app).","Notez le kilométrage lors du ravitaillement, le nombre de litres et le montant sur la feuille de kilométrage. Enregistrez le ravitaillement après le trajet à Degapp, en remplissant les mêmes détails et en téléchargeant une photo du billet. N'oubliez donc pas de prendre un ticket après avoir fait le plein. Si aucun reçu de carburant n'est disponible, vous pouvez fournir une preuve de paiement à l'aide : du relevé de compte (par exemple, impression d'écran ou photo nette de l'application Home Banking).","Noteer de kilometerstand bij het tanken, het aantal liter en het bedrag op het kilometerblad. Registreer de tankbeurt na de rit in Degapp waarbij je dezelfde gegevens invult en een foto van het ticketje uploadt. Vergeet dus geen ticket te nemen na het tanken. Als er geen tankbonnetje beschikbaar is, kan je een betalingsbewijs afleveren a.d.h.v. het rekeninguittreksel (vb. printscreen of duidelijke foto van homebanking-app).",Yes,text,,public,,What exactly do I need to take care of after refueling?,De quoi dois-je faire exactement après avoir fait le plein ?,Wat moet ik concreet in orde brengen na een tankbeurt?,
faq-html-20260329-een-auto-is-ontiegelijk-duur,"It's simple: you already have to be an intensive car user to make purchasing your own car profitable.

- The purchase price of a car is only part of the cost.

- If you take out a car loan, you also pay monthly interest.

- When purchasing, you pay a one-off registration tax (BIV), calculated based on the year of construction, fuel and CO2 emissions.

- You pay an annual road tax based on your assets.

- Car insurance is mandatory.

- Travel assistance insurance is not strictly necessary, but it is very useful.

- Of course you pay for the fuel.

- Regular maintenance in the garage is a must.

- If your car is older than four years, you must take it to the technical inspection every year.

Add up all the costs and you easily arrive at the largest expenditure item for an average family, after housing and food (according to the FPS Economy). This article illustrates this. A car is expensive, especially if you don't drive it often.","C'est simple : il faut déjà être un utilisateur intensif de voiture pour rentabiliser l'achat de sa propre voiture.

- Le prix d'achat d'une voiture ne représente qu'une partie du coût.

- Si vous contractez un crédit automobile, vous payez également des intérêts mensuels.

- Lors de l'achat, vous payez une taxe d'immatriculation unique (BIV), calculée en fonction de l'année de construction, du carburant et des émissions de CO2.

- Vous payez une taxe de circulation annuelle en fonction de votre patrimoine.

- L'assurance automobile est obligatoire.

- Une assurance assistance voyage n'est pas strictement nécessaire, mais elle est très utile.

- Bien sûr, vous payez le carburant.

- Un entretien régulier dans le garage est indispensable.

- Si votre voiture a plus de quatre ans, vous devez la présenter chaque année au contrôle technique.

Additionnez tous les coûts et vous arrivez facilement au poste de dépense le plus important pour une famille moyenne, après le logement et la nourriture (selon le SPF Economie). Cet article illustre cela. Une voiture coûte cher, surtout si vous ne la conduisez pas souvent.","Het is simpel: je moet al een intensieve autogebruiker zijn om de aanschaf van een eigen auto te laten renderen.

- De aankoopprijs van een auto is maar een deel van het kostenplaatje.

- Sluit je een autolening af, dan betaal je ook maandelijkse intresten.

- Bij aankoop betaal je eenmalig een belasting op inverkeerstelling (BIV), berekend op basis van het bouwjaar, de brandstof en de CO2-uitstoot.

- Je betaalt jaarlijks een verkeersbelasting op basis van het vermogen.

- Een autoverzekering is verplicht.

- Een reisbijstandsverzekering is strikt genomen niet nodig, maar wel erg handig.

- Je betaalt uiteraard voor de brandstof.

- Regelmatig onderhoud in de garage is een must.

- Is je wagen ouder dan vier jaar, dan moet je er elk jaar mee naar de technische keuring.

Tel alle kosten bij elkaar op en je komt makkelijk aan de grootste uitgavenpost van een modaal gezin, na woning en voeding (volgens de FOD Economie). Dit artikel illustreert dit. Een auto is dus duur, zeker wanneer je er niet vaak mee rijdt.",Yes,text,,public,,A car is incredibly expensive,Une voiture coûte incroyablement cher,Een auto is ontiegelijk duur,
faq-html-20260329-dat-kan-veel-goedkoper,"By sharing your car, you reduce all fixed costs. Maintenance, consumption, wear and tear and insurance are distributed among all people who have used your car. This way you drive yourself at cost price. Dégage will reimburse you part of the costs every quarter. Dégage even gives you the breakdown insurance as a free gift.

The more often others borrow your car, the more you get back. An example. In a month you drive 400 kilometers with your own car, other users travel 600 km with it. That makes a total of 1,000 kilometers. The users account for 60 percent of the kilometers, so you get 60 percent of your costs back.

Let's be honest: you won't make any profit with your car. Some car sharing systems suggest that this is possible, but here too it is actually a matter of recovering actual costs incurred.

However, as an owner you have an additional advantage. The more your car is used, the lower the fixed costs per kilometer. Your insurance, road tax, maintenance and other expenses will therefore also become cheaper for you the more you lend out your car.","En partageant votre voiture, vous réduisez tous les frais fixes. L'entretien, la consommation, l'usure et l'assurance sont répartis entre toutes les personnes ayant utilisé votre voiture. Vous conduisez ainsi vous-même au prix coûtant. Dégage vous remboursera une partie des frais chaque trimestre. Dégage vous offre même l'assurance dépannage en cadeau.

Plus les autres empruntent votre voiture souvent, plus vous récupérez d’argent. Un exemple. En un mois, vous parcourez 400 kilomètres avec votre propre voiture, les autres utilisateurs parcourent 600 km avec celle-ci. Cela fait un total de 1 000 kilomètres. Les utilisateurs représentent 60 pour cent des kilomètres, vous récupérez donc 60 pour cent de vos coûts.

Soyons honnêtes : vous ne ferez aucun profit avec votre voiture. Certains systèmes d'autopartage suggèrent que cela est possible, mais là aussi, il s'agit en fait de récupérer les coûts réels engagés.

Cependant, en tant que propriétaire, vous bénéficiez d’un avantage supplémentaire. Plus votre voiture est utilisée, plus les frais fixes au kilomètre diminuent. Vos assurances, taxes routières, entretien et autres dépenses deviendront donc également moins chères pour vous à mesure que vous prêtez votre voiture.","Door je wagen te delen, druk je alle vaste kosten. Onderhoud, verbruik, slijtage en verzekering worden verdeeld over alle personen die je auto gebruikt hebben. Op die manier rij je zelf tegen kostprijs. Elk kwartaal betaalt Dégage je een deel van de kosten terug. De pechverzekering krijg je van Dégage zelfs helemaal cadeau.

Hoe vaker anderen jouw wagen lenen, hoe meer je terugkrijgt. Een voorbeeld. In een maand rij je 400 kilometer met je eigen wagen, andere gebruikers leggen er 600 km mee af. Dat maakt samen 1.000 kilometer. De gebruikers zijn goed voor 60 procent van de kilometers, dus krijg je 60 procent van jouw gemaakte kosten terug.

Eerlijk is eerlijk: je zult geen winst maken met je auto. Sommige autodeelsystemen doen uitschijnen dat dit wel kan, maar ook daar gaat het eigenlijk om een recuperatie van reëel gemaakte kosten.

Toch heb je als eigenaar een bijkomend voordeel. Hoe meer je auto gebruikt wordt, hoe lager de vaste kosten per kilometer. Je verzekering, verkeersbelasting, onderhoud en andere uitgaven worden dus ook voor jou goedkoper naarmate je je auto meer uitleent.",Yes,text,,public,,That can be done much cheaper,Cela peut être fait beaucoup moins cher,Dat kan véél goedkoper,
faq-html-20260329-onze-instapkost-is-laag,"There is no annual or monthly subscription. The only thing we ask from you upon boarding is a one-off entry fee and deposit (you can find the rates here). This is used in the event of accidents or other unforeseen circumstances, as a kind of internal guarantee. If you want to leave the non-profit organization, you will get this deposit back in whole or in part.","Il n’y a pas d’abonnement annuel ou mensuel. La seule chose que nous vous demandons lors de l'embarquement est un droit d'entrée unique et une caution (vous pouvez consulter les tarifs ici). Celle-ci est utilisée en cas d'accident ou d'autres circonstances imprévues, comme une sorte de garantie interne. Si vous souhaitez quitter l’asbl, cet acompte vous sera remboursé en totalité ou en partie.","Er is géén jaarlijks of maandelijks abonnement. Het enige wat we bij de instap van je vragen, is een eenmalig instapgeld en waarborg (de tarieven vind je hier). Die wordt aangesproken bij ongevallen of andere onvoorziene omstandigheden, als een soort interne waarborg. Wil je uit de vzw stappen, dan krijg je deze waarborg geheel of gedeeltelijk terug.",Yes,text,,public,,Our entry cost is low,Notre coût d'entrée est faible,Onze instapkost is laag,
faq-html-20260329-het-is-goed-voor-je-buurt-en-jezelf,"By sharing your car, others don't have to buy one. A neighborhood with fewer cars automatically becomes safer and more livable. Fewer parking spaces are needed, freeing up public space. Moreover, you get to know each other better by using the same cars together. Not only do you save a lot on the costs of your car, you also do something good for others and actively contribute to a more livable neighborhood. And who knows, you might make some friends!","En partageant votre voiture, les autres n'ont pas besoin d'en acheter une. Un quartier avec moins de voitures devient automatiquement plus sûr et plus agréable à vivre. Moins de places de stationnement sont nécessaires, libérant ainsi l’espace public. De plus, on apprend à mieux se connaître en utilisant ensemble les mêmes voitures. Non seulement vous économisez beaucoup sur le coût de votre voiture, mais vous faites également quelque chose de bien pour les autres et contribuez activement à un quartier plus vivable. Et qui sait, vous vous ferez peut-être des amis !","Door je auto te laten delen, hoeven anderen er geen te kopen. Een buurt met minder auto’s wordt vanzelf veiliger en leefbaarder. Er zijn minder parkeerplaatsen nodig, waardoor openbare ruimte vrijkomt. Bovendien leer je elkaar beter kennen door samen dezelfde wagens te gebruiken. Niet alleen bespaar je fors op de kosten van je wagen, je doet ook iets goeds voor anderen en draagt actief bij tot een leefbaarder buurt. En wie weet maak je er vrienden bij!",Yes,text,,public,,It is good for your neighborhood and yourself,C'est bon pour votre quartier et pour vous-même,Het is goed voor je buurt en jezelf,
faq-html-20260329-het-is-goed-voor-het-milieu,"Those who don't have a car in front of their door are less likely to use one: it's that simple. For short journeys you are more likely to use the bicycle or public transport. Car sharing therefore reduces total car traffic and ensures that fewer cars are needed. Good for the environment and our health and more space in the city.

Dégage encourages rational car use: journeys become cheaper the more kilometers you travel. This reduces the number of short journeys and that is also healthy, because it is precisely those short journeys that are the most polluting.","Ceux qui n’ont pas de voiture devant leur porte sont moins susceptibles d’en utiliser une : c’est aussi simple que cela. Pour les trajets courts, vous utiliserez davantage le vélo ou les transports en commun. L’autopartage réduit donc le trafic automobile total et garantit que moins de voitures sont nécessaires. Bon pour l'environnement et notre santé et plus d'espace en ville.

Dégage encourage un usage raisonné de la voiture : les trajets deviennent moins chers à mesure que l'on parcourt de kilomètres. Cela réduit le nombre de trajets courts et c'est aussi sain, car ce sont justement ces trajets courts qui sont les plus polluants.","Wie geen auto voor de deur heeft staan, gebruikt er minder snel één: zo eenvoudig is het. Voor kleine verplaatsingen zal je veeleer de fiets of het openbaar vervoer gebruiken. Autodelen doet dus het totale autoverkeer afnemen en zorgt ervoor dat er minder auto’s nodig zijn. Goed voor het milieu en onze gezondheid en meer ruimte in de stad.

Dégage moedigt rationeel autogebruik aan: ritten worden goedkoper naarmate je meer kilometers aflegt. Dat dringt het aantal korte ritten terug en ook dat is gezond, want net die korte verplaatsingen zijn het meest vervuilend.",Yes,text,,public,,It's good for the environment,C'est bon pour l'environnement,Het is goed voor het milieu,
faq-html-20260329-het-is-goed-voor-je-auto,"A car that is rarely driven is proportionately more expensive to use. In addition, some parts are sensitive to prolonged downtime. This means that the timing belt dries out faster and the emission system is more likely to malfunction.

Did you know that one of our oldest shared cars, a VW Golf that we called Donald, reached no less than 500,000 km on the odometer in 2006? He then sang it until 2011.","Une voiture rarement conduite coûte proportionnellement plus cher à l’usage. De plus, certaines pièces sont sensibles à des temps d’arrêt prolongés. Cela signifie que la courroie de distribution sèche plus rapidement et que le système d'émission est plus susceptible de mal fonctionner.

Saviez-vous qu'une de nos plus anciennes voitures partagées, une VW Golf que nous appelions Donald, atteignait pas moins de 500 000 km au compteur en 2006 ? Il l'a ensuite chanté jusqu'en 2011.","Een wagen waarmee weinig wordt gereden, is naar verhouding duurder in gebruik. Bovendien zijn sommige onderdelen gevoelig voor langdurige stilstand. Zo droogt de distributieriem sneller uit en loopt het emissiesysteem meer kans op een storing.

Wist je trouwens dat een van onze oudste deelauto’s, een VW Golf die we Donald noemden, in 2006 liefst 500.000 km op de teller haalde? Hij zong het daarna nog uit tot 2011.",Yes,text,,public,,It's good for your car,C'est bon pour ta voiture,Het is goed voor je auto,
faq-html-20260329-het-blijft-jouw-auto,"In our system you remain the owner of your car. Within the guidelines of Dégage, you decide for yourself what is and is not possible. For example, if you do not want your car to be used for container park visits or for pets to be transported, you can indicate this in the separate usage regulations for your car. If the borrower wants to take your car abroad, this will first be discussed with you.

It is in your interest to make it as easy as possible for other users. As the owner, you continue to pay taxes, insurance and maintenance yourself. The more others use your car, the more you can recoup those costs.","Dans notre système, vous restez propriétaire de votre voiture. Dans le cadre de Dégage, vous décidez vous-même de ce qui est possible et de ce qui ne l'est pas. Par exemple, si vous ne souhaitez pas que votre voiture soit utilisée pour des visites de parcs à conteneurs ou pour le transport d'animaux domestiques, vous pouvez l'indiquer dans les règles d'utilisation distinctes de votre voiture. Si l’emprunteur souhaite emmener votre voiture à l’étranger, nous en discuterons d’abord avec vous.

Il est dans votre intérêt de rendre la tâche aussi simple que possible pour les autres utilisateurs. En tant que propriétaire, vous continuez à payer vous-même les taxes, les assurances et l'entretien. Plus les autres utilisent votre voiture, plus vous pouvez récupérer ces coûts.","In ons systeem blijf je eigenaar van je wagen. Binnen de krijtlijnen van Dégage bepaal je zelf wat kan en niet kan. Wil je bijvoorbeeld niet dat je auto gebruikt wordt voor containerparkbezoek of dat er huisdieren mee worden vervoerd, dan kun je dat aangeven in het aparte gebruiksreglement van je auto. Indien de ontlener met jouw auto naar het buitenland wil, dan wordt dit eerst met jou besproken.

Je hebt er weliswaar belang bij om het de andere gebruikers zo makkelijk mogelijk te maken. Als eigenaar blijf je immers zelf taksen, verzekeringen en onderhoud betalen. Hoe meer anderen jouw auto gebruiken, hoe meer je die kosten kunt recupereren.",Yes,text,,public,,It remains your car,Cela reste ta voiture,Het blijft jouw auto,
faq-html-20260329-je-hebt-toegang-tot-een-auto-op-maat,"As a member of Dégage, you can not only lend out your own car, but you have access to all other cars in the Dégage fleet. Since Dégage has a wide range of cars ranging from a mini city car to a spacious 7-person family car and a light truck, you can also use another car if your own car is less suitable.","En tant que membre de Dégage, vous pouvez non seulement prêter votre propre voiture, mais vous avez également accès à toutes les autres voitures de la flotte Dégage. Puisque Dégage dispose d'une large gamme de voitures allant de la mini citadine à la spacieuse voiture familiale pour 7 personnes en passant par le camion léger, vous pouvez également utiliser une autre voiture si votre propre voiture est moins adaptée.","Als lid van Dégage kan je niet enkel je eigen auto uitlenen, maar heb je toegang tot alle andere auto’s van de Dégage-vloot. Aangezien Dégage een ruim assortiment heeft van auto’s gaande van een ministadswagentje tot een ruime 7-persoonsgezinswagen en een lichte vracht, kan je ook eens een andere auto gebruiken als je eigen auto minder geschikt is.",Yes,text,,public,,You have access to a customized car,Vous avez accès à une voiture personnalisée,Je hebt toegang tot een auto op maat,
faq-html-20260329-vele-zaken-worden-voor-jou-geregeld,Both car owner and car user sign a contract when boarding. Conclusive agreements are made regarding insurance and claims. As an owner you also have the guarantee that you will receive part of the costs incurred every quarter. Dégage has many users. The chance that your car can be used as much as possible by others is high. So you don't have to look for car sharers yourself before you can start sharing.,"Le propriétaire et l'utilisateur de la voiture signent un contrat lors de l'embarquement. Des accords concluants sont conclus concernant l'assurance et les sinistres. En tant que propriétaire, vous avez également la garantie de percevoir une partie des frais engagés chaque trimestre. Dégage compte de nombreux utilisateurs. Les chances que votre voiture puisse être utilisée autant que possible par d’autres sont élevées. Vous n'avez donc pas besoin de chercher vous-même des covoitureurs avant de pouvoir commencer à partager.",Zowel auto-eigenaar als autogebruiker tekenen bij het instappen een contract. Er worden sluitende afspraken gemaakt omtrent verzekeringen en schadegevallen. Ook heb je als eigenaar de garantie dat je om het kwartaal een deel van de gemaakte kosten terugkrijgt. Dégage telt veel gebruikers. De kans dat jouw auto zo veel mogelijk gebruikt kan worden door anderen is groot. Je hoeft dus zelf niet naar autodelers op zoek vooraleer je kan beginnen delen.,Yes,text,,public,,Many things are arranged for you,Beaucoup de choses sont arrangées pour vous,Vele zaken worden voor jou geregeld,
faq-html-20260329-je-kunt-er-altijd-uitstappen,"If you want to leave the non-profit organization, you can of course do so. You will then receive all or part of your deposit back. Because your car is insured through our group insurance, you will also receive a certificate of accident-free driving.","Si vous souhaitez quitter l’asbl, vous pouvez bien entendu le faire. Vous recevrez alors tout ou partie de votre dépôt. Parce que votre voiture est assurée grâce à notre assurance collective, vous recevrez également une attestation de conduite sans accident.","Wil je uit de vzw stappen, dan kan dat natuurlijk. Je krijgt dan je waarborg geheel of gedeeltelijk terug. Omdat jouw auto verzekerd is via onze groepsverzekering, krijg je ook een attest van ongevalvrij rijden.",Yes,text,,public,,You can always get out,Tu peux toujours sortir,Je kunt er altijd uitstappen,
faq-html-20260329b-komt-mijn-wagen-in-aanmerking-om-te-delen,"To be sure whether your car is eligible, complete a car form with some information about your car. These are completely without obligation and serve as an initial introduction during the information session. Have your registration certificate (yellow-blue registration certificate) of your car at hand.

However, we never accept the following cars. No exception is made to this.

- Euro 3 and Euro 4 diesels

- campers

- cars older than 15 years

- cars with more than 200,000 kilometers on the clock

- company cars / cars registered to a business (so we only accept cars registered to a natural person, for tax reasons)

When admitting your car, we use a decision tree, taking into account age, ecoscore and mileage. We can only simulate your car correctly based on the car sheet. Is your car less than 8 years old and does it have a mileage of less than 140,000 km? Then there is a very good chance that we will include him within Dégage. If not, we will still allow the car in certain cases.","Pour être sûr que votre voiture est éligible, remplissez un formulaire de voiture avec quelques informations sur votre voiture. Celles-ci sont totalement sans engagement et servent de première introduction lors de la séance d'information. Ayez à portée de main votre certificat d'immatriculation (certificat d'immatriculation jaune-bleu) de votre voiture.

Cependant, nous n'acceptons jamais les voitures suivantes. Aucune exception n’est faite à cela.

- Diesel Euro 3 et Euro 4

- les campeurs

- les voitures de plus de 15 ans

- les voitures avec plus de 200 000 kilomètres au compteur

- les voitures de société / voitures immatriculées au nom d'une entreprise (nous n'acceptons donc que les voitures immatriculées au nom d'une personne physique, pour des raisons fiscales)

Lors de l'admission de votre voiture, nous utilisons un arbre de décision prenant en compte l'âge, l'écoscore et le kilométrage. Nous ne pouvons simuler correctement votre voiture que sur la base de la fiche de la voiture. Votre voiture a moins de 8 ans et a un kilométrage inférieur à 140 000 km ? Il y a alors de très fortes chances que nous l'incluions au sein de Dégage. Dans le cas contraire, nous autoriserons quand même la voiture dans certains cas.","Om zeker te zijn of je auto in aanmerking komt, vul je een autofiche in met enkele gegevens van je auto. Deze zijn volledig vrijblijvend en dienen ter eerste kennismaking tijdens het infomoment. Neem je inschrijvingsbewijs (geelblauwe kentekenbewijs) van je auto hiervoor bij de hand.

Wel aanvaarden we nooit volgende auto’s. Hierop wordt geen uitzondering gemaakt.

- euro 3 en euro 4 diesels

- campers

- wagens ouder dan 15 jaar

- wagens met meer dan 200.000 kilometer op de teller

- bedrijfswagens / wagens ingeschreven op een zaak (dus we aanvaarden enkel wagens ingeschreven op een natuurlijk persoon, dit o.w.v. fiscale redenen)

Bij de toelating van je auto, hanteren we een beslissingsboom, rekening houdende met leeftijd, ecoscore en kilometerstanden. Enkel op basis van de autofiche kunnen we je auto juist simuleren. Is je auto minder dan 8 jaar oud en heeft hij een kilometerstand van minder dan 140.000 km? Dan is de kans zeer groot dat we hem opnemen binnen Dégage. Zo neen, dan laten we de auto in bepaalde gevallen toch toe.",Yes,text,,public,,Is my car eligible for sharing?,Ma voiture est-elle éligible au partage ?,Komt mijn wagen in aanmerking om te delen?,
faq-html-20260329b-kan-ik-met-een-voorlopig-rijbewijs-een-auto-lenen-bij-de,"Yes, that is certainly possible, subject to prior arrangement with the owner. About 1/4th of Dégage owners allow you to use their car with a provisional driver's license. There is no minimum age to use the cars (with a few exceptions). The rates are also the same as for a permanent driver's license.","Oui, c'est certainement possible, sous réserve d'un accord préalable avec le propriétaire. Environ 1/4ème des propriétaires de Dégage vous autorisent à utiliser leur voiture avec un permis de conduire provisoire. Il n'y a pas d'âge minimum pour utiliser les voitures (à quelques exceptions près). Les tarifs sont également les mêmes que pour un permis de conduire permanent.","Ja, dat kan zeker, mits afspraak met de eigenaar. Ongeveer 1/4e van de Dégage-eigenaars staat toe dat je hun auto gebruikt met een voorlopig rijbewijs. Er geldt geen minimumleeftijd om de auto’s te gebruiken (op enkele uitzonderingen na). Ook de tarieven zijn dezelfde als bij een definitief rijbewijs.",Yes,text,,public,,Can I borrow a car from Dégage with a provisional driver's license?,Puis-je emprunter une voiture chez Dégage avec un permis de conduire provisoire ?,Kan ik met een voorlopig rijbewijs een auto lenen bij Dégage?,
faq-html-20260329b-kan-ik-last-minute-een-auto-reserveren,"Car sharers have to plan their trips more often. There is an accessible and efficient reservation system, but it is still best to plan your excursions in advance as much as possible so that you are not faced with any surprises if you decide to go out at the last minute. For weekend use, it is best to reserve a week in advance. Do you still need a car on the day itself? Then you simply call the owner. There is no guarantee that it will work, but in practice we see that this often happens and is possible if you approach it wisely.","Les covoitureurs doivent planifier leurs déplacements plus souvent. Il existe un système de réservation accessible et efficace, mais il est tout de même préférable de planifier ses excursions le plus à l'avance afin de ne pas avoir de surprises si vous décidez de sortir à la dernière minute. Pour une utilisation le week-end, il est préférable de réserver une semaine à l'avance. Avez-vous encore besoin d'une voiture le jour même ? Ensuite, vous appelez simplement le propriétaire. Il n’y a aucune garantie que cela fonctionnera, mais dans la pratique, nous constatons que cela arrive souvent et est possible si vous l’abordez judicieusement.","Autodelers moeten hun verplaatsingen vaker plannen. Er is een laagdrempelig efficiënt reservatiesysteem, maar toch plan je best je uitstappen zoveel mogelijk op voorhand zodat je niet voor verrassingen komt te staan als je last minute beslist erop uit te trekken. Voor weekendgebruik reserveer je best een week op voorhand. Heb je toch de dag zelf een auto nodig? Dan bel je de eigenaar gewoon op. Je hebt geen garantie dat het lukt, maar in de praktijk zien we dat dit vaak gebeurt én mogelijk is, als je het handig aanpakt.",Yes,text,,public,,Can I reserve a car last minute?,Puis-je réserver une voiture à la dernière minute ?,Kan ik last minute een auto reserveren?,
faq-html-20260329b-kan-ik-een-auto-voor-een-langere-tijd-boeken,"If you want to use the car for more than three days, first discuss this with the owner before indicating this on the calendar. You can also book a car for a longer period of time, for example to travel with it. In that case, discuss this with the car owner a few months in advance so that he/she can see whether the car can be missed for such a longer period.","Si vous souhaitez utiliser la voiture pendant plus de trois jours, discutez-en d'abord avec le propriétaire avant de l'indiquer sur le calendrier. Vous pouvez également réserver une voiture pour une durée plus longue, par exemple pour voyager avec. Dans ce cas, discutez-en avec le propriétaire de la voiture quelques mois à l'avance afin qu'il puisse voir si la voiture peut être manquée pendant une période aussi longue.","Indien je langer dan drie dagen de auto wil gebruiken, bespreek je dit eerst met de eigenaar alvorens dit aan te duiden op de kalender. Ook kan je een auto voor een langere tijd boeken, bijvoorbeeld om ermee op reis te gaan. In dat geval bespreek je dat enkele maanden vooraf met de auto-eigenaar zodat hij/zij kan zien of de auto voor zo’n langere periode gemist kan worden.",Yes,text,,public,,Can I book a car for a longer period of time?,Puis-je réserver une voiture pour une période plus longue ?,Kan ik een auto voor een langere tijd boeken?,
faq-html-20260329b-kan-ik-met-de-auto-naar-het-buitenland,You can go abroad with most of the cars in our fleet. You discuss this in advance with the owner. The owner can then also provide you with the required documents.,Vous pouvez partir à l'étranger avec la plupart des voitures de notre flotte. Vous en discutez au préalable avec le propriétaire. Le propriétaire pourra alors également vous fournir les documents requis.,Met de meeste auto’s in onze vloot kan je naar het buitenland. Dit bespreek je op voorhand met de eigenaar. De eigenaar kan jou dan ook de vereiste documenten meegeven.,Yes,text,,public,,Can I go abroad by car?,Puis-je partir à l’étranger en voiture ?,Kan ik met de auto naar het buitenland?,
faq-html-20260329b-wordt-er-jaarlijks-lidgeld-betaald,"No, a new member only pays an entry fee once. Some municipalities reimburse this sum. It is best to ask your municipality or check this on the municipal website.

We also ask for a deposit. This is used in the event of accidents or other unforeseen circumstances, as a kind of internal guarantee. You will receive this amount back in full or in part when you leave Dégage. Furthermore, you simply pay the kilometer price, no time or subscription.

You can find the rates here.","Non, un nouveau membre ne paie qu'une seule fois les frais d'inscription. Certaines communes remboursent cette somme. Il est préférable de se renseigner auprès de votre commune ou de vérifier cela sur le site Internet municipal.

Nous demandons également une caution. Celle-ci est utilisée en cas d'accident ou d'autres circonstances imprévues, comme une sorte de garantie interne. Cette somme vous sera restituée en totalité ou en partie à votre départ de Dégage. De plus, vous payez simplement le prix au kilomètre, sans durée ni abonnement.

Vous pouvez trouver les tarifs ici.","Neen, slechts één keer betaalt een nieuw lid een instapsom. Sommige gemeenten betalen deze som terug. Dit vraag je best na bij je gemeente of check je op de gemeentelijke website.

Daarnaast vragen we een waarborg. Die wordt aangesproken bij ongevallen of andere onvoorziene omstandigheden, als een soort interne waarborg. Dit bedrag krijg je geheel of gedeeltelijk terug wanneer je Dégage verlaat. Verder betaal je gewoon de kilometerprijs, geen tijd of abonnement.

De tarieven vind je hier.",Yes,text,,public,,Are membership fees paid annually?,Les cotisations sont-elles payées annuellement ?,Wordt er jaarlijks lidgeld betaald?,
faq-html-20260329b-zie-ik-mijn-waarborgsom-bij-uitstap-terug,"The more members there are, the greater the sum of the guarantees becomes. There is a good chance that only a small part of your deposit will be used for a claim. On the other hand, you can also benefit from this guarantee system if you encounter an accident: you do not have to pay back the full value of the car to the owner. So you indeed run the risk of losing (part of) your deposit. But the deposits are very democratic (we think) for the almost unlimited use of multiple cars.","Plus il y a de membres, plus la somme des garanties augmente. Il y a de fortes chances que seule une petite partie de votre dépôt soit utilisée pour une réclamation. D'autre part, vous pouvez également bénéficier de ce système de garantie si vous rencontrez un accident : vous n'êtes pas obligé de rembourser la valeur totale de la voiture au propriétaire. Vous courez donc effectivement le risque de perdre (une partie de) votre dépôt. Mais les cautions sont très démocratiques (nous pensons) pour une utilisation quasi illimitée de plusieurs voitures.","Hoe meer leden er zijn, hoe groter de som van de waarborgen wordt. Er is veel kans dat slechts een klein deel van je waarborg wordt gebruikt voor een schadegeval. Anderzijds is het ook zo dat je zelf ook van dit waarborgsysteem kan genieten als je een ongeluk tegenkomt: je moet zelf niet de volledige waarde van de auto aan de eigenaar terugbetalen. Je loopt dus inderdaad het risico (een deel van) je waarborg kwijt te raken. Maar de waarborgsommen zijn zeer democratisch (vinden we zelf) voor het quasi onbeperkt gebruik van meerdere auto’s.",Yes,text,,public,,Will I get my deposit back when I leave?,Vais-je récupérer ma caution à mon départ ?,Zie ik mijn waarborgsom bij uitstap terug?,
faq-html-20260329b-betaal-ik-als-auto-ontlener-ook-een-deel-mee-in-de-vaste,"No, it is the owner who is responsible for those costs (such as insurance, taxes and maintenance of the car). The kilometer price covers all these costs.","Non, c'est le propriétaire qui est responsable de ces frais (comme l'assurance, les taxes et l'entretien de la voiture). Le prix au kilomètre couvre tous ces frais.","Neen, het is de eigenaar die instaat voor die kosten (zoals verzekeringen, taksen en het onderhoud van de auto). De kilometerprijs dekt al deze kosten.",Yes,text,,public,,"As a car borrower, do I also pay part of the fixed costs of the car?","En tant qu'emprunteur de voiture, dois-je également payer une partie des frais fixes de la voiture ?",Betaal ik als auto-ontlener ook een deel mee in de vaste kosten van de auto?,
faq-html-20260329b-moet-ik-als-auto-ontlener-extra-betalen-voor-brandstof,"Fuel is already included in the kilometer prices per kilometer driven. The agreement is that you do not return the car empty. That is not pleasant for the next user. It is also better for yourself to refuel regularly, as this cost will be deducted from your bill, which will significantly reduce your final amount to be paid.","Le carburant est déjà inclus dans les prix au kilomètre parcouru. L'accord est que vous ne restituez pas la voiture vide. Ce n'est pas agréable pour le prochain utilisateur. Il est également préférable pour vous de faire le plein régulièrement, car ce coût sera déduit de votre facture, ce qui réduira considérablement votre montant final à payer.","In de kilometerprijzen per gereden kilometer is de brandstof al inbegrepen. Afspraak is wel dat je de auto niet leeg terugbrengt. Dat is niet aangenaam voor de volgende gebruiker. Ook voor jezelf is het beter om regelmatig eens te tanken, die kost wordt namelijk afgetrokken van je factuur, wat jouw uiteindelijk te betalen bedrag gevoelig verlaagt.",Yes,text,,public,,"As a car borrower, do I have to pay extra for fuel?","En tant qu'emprunteur de voiture, dois-je payer un supplément pour le carburant ?",Moet ik als auto-ontlener extra betalen voor brandstof?,
faq-html-20260329b-wat-als-mijn-verzekeringspremie-bonus-malus-stijgt,"Thanks to Dégage's fleet policy with Ethias, the owner's bonus malus does not increase.","Grâce à la politique flotte de Dégage avec Ethias, le bonus malus propriétaire n'augmente pas.",Dankzij de vlootpolis van Dégage bij Ethias stijgt de bonus malus van de eigenaar niet.,Yes,text,,public,,What if my insurance premium (bonus-malus) increases?,Que faire si ma prime d'assurance (bonus-malus) augmente ?,Wat als mijn verzekeringspremie (bonus-malus) stijgt?,
faq-html-20260329b-is-mijn-auto-delen-veel-werk,"Dégage offers an open fleet to its members. This way the offering remains varied, extensive, accessible and affordable. And we can guarantee you as the owner that your car will be shared enough and will therefore become cheaper for you. In practice, you will mainly see people from your neighborhood.

Each member attends an information session. Dégage is a system based on trust, but with clear rules, agreements and support. Communication between owner and user is important to create trust. Your first loan will certainly take some getting used to. Your second too, but slightly less so. Before you know it, you find it quite normal for another person to drive your car. Owners have been sharing their cars with others for decades.","Dégage propose une flotte ouverte à ses adhérents. L'offre reste ainsi variée, étendue, accessible et abordable. Et nous pouvons vous garantir, en tant que propriétaire, que votre voiture sera suffisamment partagée et qu'elle deviendra donc moins chère pour vous. En pratique, vous verrez principalement des gens de votre quartier.

Chaque membre assiste à une séance d'information. Dégage est un système basé sur la confiance, mais avec des règles, des accords et un accompagnement clairs. La communication entre le propriétaire et l'utilisateur est importante pour créer la confiance. Il faudra certainement un certain temps pour s'habituer à votre premier prêt. Votre deuxième aussi, mais un peu moins. Avant de vous en rendre compte, vous trouvez tout à fait normal qu’une autre personne conduise votre voiture. Les propriétaires partagent leur voiture avec d’autres depuis des décennies.","Dégage biedt een open vloot aan aan haar leden. Zo blijft het aanbod gevarieerd, uitgebreid, toegankelijk en betaalbaar. En kunnen we jou als eigenaar de garantie geven dat je auto genoeg zal worden gedeeld en dus ook voor jezelf goedkoper zal worden. In praktijk zal je vooral mensen uit je buurt zien.

Elk lid volgt een infosessie. Dégage is een systeem gebaseerd op vertrouwen, maar met duidelijke regels, afspraken en ondersteuning. Communicatie tussen eigenaar en gebruiker is belangrijk om vertrouwen te creëren. Je eerste uitleenbeurt zal zeker wennen zijn. Je tweede ook, maar al iets minder. Voor je het weet vind je het vrij normaal dat een andere persoon met je wagen rijdt. Al decennialang delen eigenaars hun auto met anderen.",Yes,text,,public,,Is sharing my car a lot of work?,Est-ce que partager ma voiture demande beaucoup de travail ?,Is mijn auto delen veel werk?,
faq-pdf-20260329-hoe-werkt-degage,"Dégage is a membership organization that organizes sharing between owner and borrower. The organization wants to unburden the owner in as many areas as possible so that he can concentrate on contact with his users.

- Cars remain the property of owners who make cars available to all members

- Cost-sharing: all costs are tracked and the owner is reimbursed for costs per kilometer that someone else drives his car

- Dégage takes care of all administration, settlements, damage follow-up, etc.

- The owner remains responsible for the management of the car

- Dégage is a membership organization that largely relies on volunteers","Dégage est un organisme associatif qui organise le partage entre propriétaire et emprunteur. L'organisation souhaite décharger le propriétaire dans autant de domaines que possible afin qu'il puisse se concentrer sur le contact avec ses utilisateurs.

- Les voitures restent la propriété des propriétaires qui mettent les voitures à disposition de tous les membres

- Partage des coûts : tous les coûts sont suivis et le propriétaire est remboursé des frais par kilomètre parcouru par quelqu'un d'autre avec sa voiture.

- Dégage s'occupe de toute l'administration, des règlements, du suivi des sinistres, etc.

- Le propriétaire reste responsable de la gestion de la voiture

- Dégage est une organisation associative qui s'appuie en grande partie sur des bénévoles","Dégage is een ledenorganisatie die het delen tussen eigenaar en ontlener organiseert. Op zo veel mogelijk vlakken wil de organisatie de eigenaar ontzorgen zodat deze zich kan concentreren op het contact met zijn gebruikers.

- Auto’s blijven eigendom van eigenaars die auto ter beschikking stellen van alle leden

- Kostendelend: alle kosten worden bijgehouden en de eigenaar krijgt per kilometer dat iemand anders met zijn auto rijdt, kosten terugbetaald

- Dégage zorgt voor alle administratie, afrekeningen, schade-opvolging, …

- De eigenaar blijft instaan voor het beheer van de wagen

- Dégage is een ledenorganisatie die grotendeels draait op vrijwilligers",Yes,markdown,,public,,How does Dégage work?,Comment fonctionne Dégage ?,Hoe werkt Dégage?,
faq-pdf-20260329-wat-verdien-ik-terug,"Dégage works on a cost-sharing basis.

- Upon entry, you determine the value of the car together with Dégage (is the current market price of the car) = depreciation cost of the car

- You keep track of ALL your costs (insurance, taxes, car wash, inspection, maintenance, etc.)

- Based on all your costs (fixed costs and depreciation), you will be reimbursed for each kilometer that someone else drives your car

- Every 3 months you will receive a very transparent statement that gives you a lot of insight into your car

- Owners share their car 50% on average, so they recoup 50% of all their costs - Most owners earn back between 1000 and 2000 euros per year.

- The more you share, the more you get back.","Dégage fonctionne sur une base de partage des frais.

- Lors de l'entrée, vous déterminez la valeur de la voiture avec Dégage (c'est le prix actuel du marché de la voiture) = coût d'amortissement de la voiture

- Vous gardez une trace de TOUS vos coûts (assurances, taxes, lavage de voiture, inspection, entretien, etc.)

- Sur la base de tous vos frais (frais fixes et amortissements), vous serez remboursé pour chaque kilomètre parcouru par quelqu'un d'autre avec votre voiture

- Tous les 3 mois, vous recevrez un relevé très transparent qui vous donnera de nombreuses informations sur votre voiture

- Les propriétaires partagent leur voiture à 50 % en moyenne, ils récupèrent donc 50 % de tous leurs frais. - La plupart des propriétaires gagnent entre 1 000 et 2 000 euros par an.

- Plus vous partagez, plus vous récupérez.","Dégage werkt kostendelend.

- Bij instap bepaal je samen met Dégage de waarde van de auto (is geldende marktprijs van de wagen) = afschrijvingskost van de auto

- Je houdt AL je kosten goed bij (verzekering, belasting, carwash, keuring, onderhoud, …)

- Op basis van al je kosten (vaste kosten en afschrijving) krijg je per kilometer dat iemand anders met je auto rijdt je kost terugbetaald

- Per 3 maanden krijg je een heel transparante afrekening waar je veel inzicht krijgt in je auto

- Eigenaars delen gemiddeld 50% hun auto, dus 50% van al hun kosten verdienen ze terug - De meeste eigenaars verdienen tussen 1000 à 2000 euro per jaar terug.

- Hoe meer je deelt, hoe meer je terugkrijgt.",Yes,markdown,,public,,What do I earn back?,Qu'est-ce que je récupère ?,Wat verdien ik terug?,
faq-pdf-20260329-wordt-mijn-auto-toegelaten,"- Only by completing a car form can we be sure whether your car will be admitted.

- Is your car less than 8 years old and does it have a mileage of less than 140,000 km? Then there is a very good chance that we will include him within Dégage. If not, we will still allow the car in certain cases.

- However, we never admit cars that score positively on one or more of the following 'hard' criteria:

  - Euro 3 and Euro 4 diesels

  - campers

  - cars older than 15 years

  - cars with 200,000 kilometers or more on the odometer

  - cars registered to a company or payroll cars","- Ce n'est qu'en remplissant un formulaire de voiture que nous pouvons être sûrs que votre voiture sera admise.

- Votre voiture a moins de 8 ans et a un kilométrage inférieur à 140 000 km ? Il y a alors de très fortes chances que nous l'incluions au sein de Dégage. Dans le cas contraire, nous autoriserons quand même la voiture dans certains cas.

- Cependant, nous n'acceptons jamais les voitures qui obtiennent des résultats positifs sur un ou plusieurs des critères « difficiles » suivants :

  - Diesel Euro 3 et Euro 4

  - les campeurs

  - les voitures de plus de 15 ans

  - les voitures avec 200 000 kilomètres ou plus au compteur

  - les voitures immatriculées à une société ou les voitures sociales","- Enkel door een autofiche in te vullen weten we zeker of je auto wordt toegelaten.

- Is je auto minder dan 8 jaar oud en heeft hij een kilometerstand van minder dan 140.000 km? Dan is de kans zeer groot dat we hem opnemen binnen Dégage. Zo neen, dan laten we de auto in bepaalde gevallen toch nog toe.

- Wel laten we auto’s die positief scoren op één of meerdere van volgende ‘harde’ criteria nooit toe:

  - euro 3 en euro 4 diesels

  - campers

  - wagens ouder dan 15 jaar

  - wagens met 200.000 kilometers of meer op de teller

  - wagens ingeschreven op een zaak of salariswagens",Yes,markdown,,public,,Will my car be allowed?,Ma voiture sera-t-elle autorisée ?,Wordt mijn auto toegelaten?,
faq-pdf-20260329-hoe-werkt-de-verzekering,"- Dégage connects your car to its group policy with Ethias = fully adapted to car sharing

- Your car is always comprehensively insured (via Dégage or via your own comprehensive insurance if your car is worth more than 10,000 euros)

- Owner pays premium to Dégage, Dégage transfers to Ethias and into its own compensation fund","- Dégage connecte votre voiture à son contrat groupe avec Ethias = entièrement adapté au covoiturage

- Votre voiture est toujours assurée tous risques (via Dégage ou via votre propre assurance tous risques si votre voiture vaut plus de 10 000 euros)

- Le propriétaire paie la prime à Dégage, Dégage est transféré à Ethias et dans son propre fonds d'indemnisation","- Dégage sluit je auto aan bij haar groepspolis bij Ethias = volledig aangepast aan autodelen

- Je auto is altijd omnium verzekerd (via Dégage of via eigen omnium indien je auto meer dan 10.000 euro waard is)

- Eigenaar betaalt premie aan Dégage, Dégage stort door aan Ethias en in eigen schadefonds",Yes,markdown,,public,,How does the insurance work?,Comment fonctionne l'assurance ?,Hoe werkt de verzekering?,
faq-pdf-20260329-wat-bij-schade,"- Dégage reimburses damage to owner

- The owner is relieved as much as possible by Dégage and the user (e.g. the owner is not allowed to contact the insurance company himself, going to the garage is done by the user or owner (owner's choice), the owner does inform his other users, etc.)

- User pays to Dégage (with a max.) - the rest is covered by (internal) insurance

- For perte total, Dégage always reimburses the value that the car is worth at that moment (based on the amount as decided together upon entry) (= starting value minus km driven x depreciation/km)

- Big advantage: if you as an owner have a collision and you are at fault, you can also rely on Dégage's internal comprehensive insurance and damage follow-up (i.e. max. 500 euros and reimbursement of 1/3rd of the cost)","- Dégage rembourse les dommages au propriétaire

- Le propriétaire est déchargé au maximum par Dégage et l'utilisateur (ex : le propriétaire n'est pas autorisé à contacter lui-même l'assurance, le déplacement au garage est effectué par l'utilisateur ou le propriétaire (au choix du propriétaire), le propriétaire informe ses autres utilisateurs, etc.)

- L'utilisateur paie au Dégage (avec un max.) - le reste est couvert par une assurance (interne)

- Pour la perte totale, Dégage rembourse toujours la valeur que vaut la voiture à ce moment (sur la base du montant décidé ensemble à l'entrée) (= valeur de départ moins km parcourus x dépréciation/km)

- Gros avantage : si vous êtes propriétaire d'une collision et que vous êtes en faute, vous pouvez également compter sur l'assurance tous risques interne et le suivi sinistre de Dégage (soit max. 500 euros et remboursement d'1/3 du coût)","- Dégage betaalt schade terug aan eigenaar

- Eigenaar wordt zoveel mogelijk ontlast door Dégage en gebruiker (bv. eigenaar mag niet zelf contact opnemen met verzekering, naar garage gaan gebeurt door gebruiker of eigenaar (keuze eigenaar), eigenaar licht wel zijn andere gebruikers in …)

- Gebruiker betaalt aan Dégage (met een max.) - de rest wordt gedekt door (interne) verzekering

- Bij perte totale betaalt Dégage altijd de waarde terug die de auto op dat moment waard is (obv bedrag zoals samen beslist bij instap) (= startwaarde minus gereden kms x afschrijving/km)

- Groot voordeel: als je als eigenaar botst en je bent in fout, dan kan je ook beroep doen op de interne omnium van Dégage én de schade-opvolging (d.i. max. 500 euro en terugbetaling van 1/3e van de kost)",Yes,markdown,,public,,What in case of damage?,Que faire en cas de dommage ?,Wat bij schade?,
faq-pdf-20260329-is-je-auto-delen-veel-werk,"- This is what the owner must do (supported by the reservation system):

  - sets its own rules (within Dégage's guidelines)

  - ensures that the necessary documents are in the car

  - remains responsible for maintenance, repairs, etc. The car must be technically in order.

  - enters all costs of the car into the system

  - reserves your own car use in the reservation system

  - approves the reservations of others

  - hands over the key to the user

  - checks entered shared kilometers every quarter

  - receives money back every quarter

- Each owner will find his own system.

- Management as owner remains (inspection, maintenance, etc.), even if you do not share it.

- Some use a key safe, others want to see their borrowers often

- Dégage takes care of all invoicing and largely the administration. The reservation system helps you with the 3-monthly check.","- Voici ce que doit faire le propriétaire (pris en charge par le système de réservation) :

  - fixe ses propres règles (dans le cadre des lignes directrices de Dégage)

  - s'assure que les documents nécessaires sont dans la voiture

  - reste responsable de l'entretien, des réparations, etc. La voiture doit être techniquement en ordre.

  - entre tous les coûts de la voiture dans le système

  - réserve votre propre utilisation de voiture dans le système de réservation

  - approuve les réservations des autres

  - remet la clé à l'utilisateur

  - contrôles saisis des kilomètres partagés chaque trimestre

  - reçoit de l'argent chaque trimestre

- Chaque propriétaire trouvera son propre système.

- La gestion en tant que propriétaire demeure (inspection, entretien, etc.), même si vous ne la partagez pas.

- Certains utilisent un coffre à clés, d'autres souhaitent voir souvent leurs emprunteurs

- Dégage s'occupe de toute la facturation et en grande partie de l'administration. Le système de réservation vous aide avec le contrôle trimestriel.","- Dit moet de eigenaar doen (wordt hierbij ondersteund door reservatiesysteem):

  - stelt eigen regels (binnen krijtlijnen van Dégage)

  - zorgt ervoor dat de nodige documenten in de auto liggen

  - blijft instaan voor onderhoud, herstelling, … De auto moet technisch in orde zijn.

  - brengt alle kosten van de auto in in het systeem

  - reserveert eigen autogebruik in het reservatiesysteem

  - keurt de reservaties van anderen goed

  - overhandigt de sleutel aan de gebruiker

  - controleert ingegeven gedeelde kilometers om het kwartaal

  - krijgt om het kwartaal geld terug

- Elke eigenaar vindt zijn eigen systeem.

- Het beheer als eigenaar blijft (keuring, onderhoud, …), ook als je hem niet zou delen.

- Sommigen gebruiken sleutelkluisje, anderen willen hun ontleners juist vaak zien

- Dégage neemt alle facturatie en grotendeels de administratie op zich. Het reservatiesysteem helpt je bij de 3-maandelijkse check.",Yes,markdown,,public,,Is sharing your car a lot of work?,"Partager votre voiture, c'est beaucoup de travail ?",Is je auto delen veel werk?,
faq-pdf-20260329-hoe-gebeurt-een-ontlening,"- Borrower reserves car online and owner approves (or rejects) the reservation

- Borrower makes an appointment for the key

- Owner hands over key to borrower

- The borrower is responsible for the car during the journey

- Borrower refuels as much as possible and keeps the car clean

- Borrower returns car and informs parking lot

- The borrower enters his mileage

- pays the bill on time every 3 months","- L'emprunteur réserve la voiture en ligne et le propriétaire approuve (ou rejette) la réservation

- L'emprunteur prend rendez-vous pour la remise des clés

- Le propriétaire remet la clé à l'emprunteur

- L'emprunteur est responsable de la voiture pendant le voyage

- L'emprunteur fait le plein autant que possible et garde la voiture propre

- L'emprunteur rend la voiture et informe le parking

- L'emprunteur saisit son kilométrage

- paie la facture à temps tous les 3 mois","- Ontlener reserveert online auto en eigenaar keurt de reservatie goed (of eventueel af)

- Ontlener maakt afspraak voor sleutel

- Eigenaar overhandigt sleutel aan ontlener

- Ontlener is tijdens de rit verantwoordelijk voor de auto

- Ontlener tankt zoveel mogelijk en houdt auto proper

- Ontlener brengt auto terug en laat parkeerplaats weten

- Ontlener voert zijn kilometerstanden in

- betaalt om de 3 maanden tijdig de afrekening",Yes,markdown,,public,,How does a loan take place?,Comment se déroule un prêt ?,Hoe gebeurt een ontlening?,
faq-pdf-20260329-kan-ik-delen-met-wie-ik-wil,No. Dégage is an open subsystem. Everyone can use all shared cars. Also owners. Members often choose the nearest car. So you will usually see members from your area. You can only refuse a ride for a specific borrower based on: a thorough reason.,Non. Dégage est un sous-système ouvert. Tout le monde peut utiliser toutes les voitures partagées. Et aussi les propriétaires. Les membres choisissent souvent la voiture la plus proche. Vous verrez donc généralement des membres de votre région. Vous ne pouvez refuser une course à un emprunteur spécifique que sur la base : d’un motif sérieux.,Neen. Dégage is een open deelsysteem. Iedereen kan alle deelauto’s gebruiken. Ook eigenaars. Leden kiezen veelal de dichtstbijzijnde auto. Dus je zal meestal leden uit je buurt zien. Een rit weigeren voor een bepaalde ontlener doe je enkel o.w.v. een grondige reden.,Yes,text,,public,,Can I share with whoever I want?,Puis-je partager avec qui je veux ?,Kan ik delen met wie ik wil?,
faq-pdf-20260329-kan-ik-de-gebruiker-wel-vertrouwen-als-eigenaar,"Each member attends an information session. Dégage is a system based on trust, but with clear rules, agreements and support. Communication between owner and user is important to create trust.

Your first loan will certainly take some getting used to. Your second too, but slightly less so. Before you know it, you find it quite normal for another person to drive your car. For decades, owners have been sharing their cars with others via Dégage.","Chaque membre assiste à une séance d'information. Dégage est un système basé sur la confiance, mais avec des règles, des accords et un accompagnement clairs. La communication entre le propriétaire et l'utilisateur est importante pour créer la confiance.

Il faudra certainement un certain temps pour s'habituer à votre premier prêt. Votre deuxième aussi, mais un peu moins. Avant de vous en rendre compte, vous trouvez tout à fait normal qu’une autre personne conduise votre voiture. Depuis des décennies, les propriétaires partagent leur voiture avec d'autres via Dégage.","Elk lid volgt een infosessie. Dégage is een systeem gebaseerd op vertrouwen, maar met duidelijke regels, afspraken en ondersteuning. Communicatie tussen eigenaar en gebruiker is belangrijk om vertrouwen te creëren.

Je eerste uitleenbeurt zal zeker wennen zijn. Je tweede ook, maar al iets minder. Voor je het weet vind je het vrij normaal dat een andere persoon met je wagen rijdt. Al decennialang delen eigenaars hun auto met anderen via Dégage.",Yes,text,,public,,Can I trust the user as the owner?,Puis-je faire confiance à l’utilisateur en tant que propriétaire ?,Kan ik de gebruiker wel vertrouwen als eigenaar?,
faq-pdf-20260329-blijf-je-baas-over-je-eigen-wagen,"- You can put your own rules in the car description, e.g. no pets, no container park, use a tow bar, whether or not suitable for longer journeys, learning to drive, etc.

- You do share within the guidelines of Dégage, e.g. no smoking in the car

- You reserve your own rides, according to your own agenda. You can set up recurring trips in our system.

- Via our reservation system you can set certain filters for your car, e.g. fixed days for yourself, reservations no longer than 2 weeks in advance, journeys no longer than 3 days, etc.

- If you need your car unexpectedly and someone has reserved it, you can use another shared car from the area.

- After a while you will also notice that you drive the car less because you can sometimes choose a better means of transport. And they are often healthier, more fun and more sustainable!","- Vous pouvez mettre vos propres règles dans la description de la voiture, par ex. pas d'animaux, pas de parc à conteneurs, utiliser un attelage, adapté ou non aux longs trajets, apprendre à conduire, etc.

- Vous partagez dans le cadre des directives de Dégage, par ex. ne pas fumer dans la voiture

- Vous réservez vos propres trajets, selon votre propre agenda. Vous pouvez configurer des voyages récurrents dans notre système.

- Via notre système de réservation, vous pouvez définir certains filtres pour votre voiture, par ex. jours fixes pour soi, réservations pas plus de 2 semaines à l'avance, voyages pas plus de 3 jours, etc.

- Si vous avez besoin de votre voiture de manière inattendue et que quelqu'un l'a réservée, vous pouvez utiliser une autre voiture partagée de la zone.

- Au bout d'un moment, vous remarquerez également que vous conduisez moins la voiture car vous pouvez parfois choisir un meilleur moyen de transport. Et ils sont souvent plus sains, plus amusants et plus durables !","- Je kan je eigen regels in de auto-omschrijving zetten, bv. geen huisdieren, geen containerpark, trekhaak gebruiken, wel of niet geschikt voor langere ritten, leren rijden, …

- Wel deel je binnen de krijtlijnen van Dégage, bv. niet roken in de auto

- Je reserveert je eigen ritten, volgens je eigen agenda. Terugkerende ritten kan je in ons systeem instellen.

- Via ons reservatiesysteem kan je bepaalde filters instellen voor je auto, bv. vaste dagen voor jezelf, niet langer dan 2 weken op voorhand reserveren, ritten niet langer dan 3 dagen, …

- Heb je toch je auto onverwachts nodig, en iemand heeft hem gereserveerd, dan kan je een andere deelauto gebruiken uit de buurt.

- Na een tijdje zal je ook merken dat je minder met de auto rijdt omdat je soms een beter vervoersmiddel kan kiezen. En die zijn vaak gezonder, leuker en duurzamer!",Yes,markdown,,public,,Do you remain in charge of your own car?,Restez-vous maître de votre propre voiture ?,Blijf je baas over je eigen wagen?,
faq-pdf-20260329-kan-ik-elk-moment-stoppen,"Yes, you will then receive all or part of your deposit back. Because your car is insured through our group insurance, you will also receive a certificate of accident-free driving.","Oui, vous récupérerez alors tout ou partie de votre dépôt. Parce que votre voiture est assurée grâce à notre assurance collective, vous recevrez également une attestation de conduite sans accident.","Ja, je krijgt dan je waarborg geheel of gedeeltelijk terug. Omdat jouw auto verzekerd is via onze groepsverzekering, krijg je ook een attest van ongevalvrij rijden.",Yes,text,,public,,Can I stop at any time?,Puis-je arrêter à tout moment ?,Kan ik elk moment stoppen?,
faq-pdf-20260329-verschil-met-cambio,"- private -> cars remain owned and managed by private individuals

- no model focused on profit; self-financing, without subsidies

- volunteer organization, supported by paid staff -> grown from the bottom up, from a few citizens who wanted to make a difference (and that is still the case)

- you only pay for kilometers, not for time -> as if it were your own car

- transparent pricing: based on the actual costs of the car

- varied fleet: every car is different

- no on-board computer: contact owner to arrange key

- we have been around longer than cambio :-) (1998 vs 2003)","- privé -> les voitures restent détenues et gérées par des particuliers

- pas de modèle axé sur le profit ; autofinancement, sans subventions

- organisation bénévole, soutenue par du personnel rémunéré -> issue de la base, de quelques citoyens qui voulaient faire la différence (et c'est toujours le cas)

- vous ne payez que les kilomètres, pas le temps -> comme s'il s'agissait de votre propre voiture

- tarification transparente : basée sur les coûts réels de la voiture

- flotte variée : chaque voiture est différente

- pas d'ordinateur de bord : contacter le propriétaire pour obtenir la clé

- nous existons depuis plus longtemps que cambio :-) (1998 vs 2003)","- particulier -> auto’s blijven eigendom van en beheerd door particulieren

- geen model gericht op winst; zelfbedruipend, zonder subsidies

- vrijwilligersorganisatie, ondersteund door betaalde krachten -> gegroeid van onderuit, vanuit enkele burgers die het verschil wilden maken (en dat is nog altijd zo)

- je betaalt enkel voor kilometers, niet voor tijd -> alsof het je eigen wagen is

- transparante prijszetting: gebaseerd op de werkelijke kosten van de auto

- gevarieerde vloot: elke auto is anders

- geen boordcomputer: contact met eigenaar om sleutel te regelen

- we bestaan al langer dan cambio :-) (1998 vs 2003)",Yes,markdown,,public,,Difference with cambio,Différence avec le changement,Verschil met cambio,
faq-pdf-20260329-verschil-met-cozywheels,"- Dégage organizes sharing between owner and user; Cozywheels is a do-it-yourself formula

- Dégage offers an internal comprehensive system

- Dégage arranges invoicing; At Cozywheels, administration takes place between the owner and its users

- Dégage is an open fleet: your car will find complementary users more easily - at Cozywheels one or a few cars are shared in a closed group

- Dégage charges a fixed price for users; at Cozywheels the price varies depending on the cost of the car

- At Dégage you pay 35 euros once; at Cozywheels 25 euros annually

- With both you have car-sharing insurance: mandatory with Dégage, optional with Cozywheels (with Cozywheels this insurance does not allow users under the age of 23)

- Breakdown assistance is offered by Dégage; at Cozywheels paid by owner

- At Cozywheels the damage is arranged by the owner; at Dégage by the organization itself

- entry-level cars: at Cozywheels no restrictions for cars, at Dégage there are (see criteria)","- Dégage organise le partage entre propriétaire et utilisateur ; Cozywheels est une formule à faire soi-même

- Dégage propose un système interne complet

- Dégage organise la facturation ; Chez Cozywheels, l'administration s'effectue entre le propriétaire et ses utilisateurs

- Dégage est une flotte ouverte : votre voiture trouvera plus facilement des utilisateurs complémentaires - chez Cozywheels une ou quelques voitures sont partagées en groupe fermé

- Dégage facture un forfait aux utilisateurs ; chez Cozywheels le prix varie en fonction du coût de la voiture

- Chez Dégage vous payez 35 euros une fois ; chez Cozywheels 25 euros par an

- Avec les deux vous disposez d'une assurance autopartage : obligatoire avec Dégage, facultative avec Cozywheels (avec Cozywheels cette assurance n'autorise pas les usagers de moins de 23 ans)

- Un dépannage est proposé par Dégage ; chez Cozywheels payé par le propriétaire

- Chez Cozywheels les dégâts sont organisés par le propriétaire ; à Dégage par l'organisation elle-même

- voitures d'entrée de gamme : chez Cozywheels pas de restrictions pour les voitures, chez Dégage il y en a (voir critères)","- Dégage organiseert het delen tussen eigenaar en gebruiker; Cozywheels is een doe-het-zelf-formule

- Dégage biedt een intern omniumsysteem aan

- Dégage regelt facturatie; bij Cozywheels gebeurt administratie tussen eigenaar en zijn gebruikers

- Dégage is een open vloot: je auto vindt zo gemakkelijker complementaire gebruikers - bij Cozywheels wordt één of enkele auto’s gedeeld in een gesloten groep

- Dégage vraagt een vaste prijs voor de gebruikers; bij Cozywheels varieert die prijs naargelang de kost van de wagen

- Bij Dégage betaal je eenmalig 35 euro; bij Cozywheels jaarlijks 25 euro

- Bij beiden heb je een autodeelverzekering: bij Dégage verplicht, bij Cozywheels optioneel (bij Cozywheels laat deze verzekering gebruikers jonger dan 23 jaar niet toe)

- Pechverhelping wordt aangeboden door Dégage; bij Cozywheels betaald door eigenaar

- Bij Cozywheels wordt de schade geregeld door eigenaar; bij Dégage door de organisatie zelf

- instap auto’s: bij Cozywheels geen beperkingen voor auto’s, bij Dégage wel (zie criteria)",Yes,markdown,,public,,Difference with Cozywheels,Différence avec Cozywheels,Verschil met Cozywheels,
spelregels-pdf-20260329-de-basisregel,"Communicate openly and understandingly with your fellow member. If you literally or figuratively get stuck on something, speak to each other directly and respectfully.","Communiquez ouvertement et de manière compréhensive avec vos collègues. Si vous êtes coincé sur quelque chose, au sens propre ou figuré, parlez-vous directement et respectueusement.","Communiceer open en begripvol met je mede-lid. Loop je letterlijk of figuurlijk ergens op vast, spreek elkaar rechtstreeks en respectvol aan.",No,text,,public,,The basic rule,La règle de base,De basisregel,
spelregels-pdf-20260329-reservatie,"## For the user

- Reserve a car on time. Please allow 48 hours response time from the owner.
- If it is urgent or last-minute, contact the owner directly.
- If you do not need the car, cancel your reservation and inform the owner.
- Read and respect the agreements in the vehicle description in Degapp.

## For the owner

- Book your own rides in Degapp.
- Respond to reservations within 48 hours and do not keep users waiting unnecessarily.
- Refusing a reservation is exceptional and only in extreme cases.
- Do not withdraw an approved reservation; If necessary, find an alternative in the Dégage fleet yourself.
- Respect the privacy of the borrower: the destination does not have to be communicated.","## Pour l'utilisateur

- Réservez une voiture à temps. Veuillez prévoir un délai de réponse de 48 heures de la part du propriétaire.
- En cas d'urgence ou de dernière minute, contactez directement le propriétaire.
- Si vous n'avez pas besoin de la voiture, annulez votre réservation et informez le propriétaire.
- Lire et respecter les accords dans la description du véhicule dans Degapp.

## Pour le propriétaire

- Réservez vos propres balades à Degapp.
- Répondez aux réservations dans les 48 heures et ne faites pas attendre inutilement les utilisateurs.
- Le refus d'une réservation est exceptionnel et seulement dans des cas extrêmes.
- Ne retirez pas une réservation approuvée ; Si besoin, trouvez vous-même une alternative dans la flotte Dégage.
- Respecter la vie privée de l'emprunteur : la destination n'a pas à être communiquée.","## Voor de gebruiker

- Reserveer een wagen op tijd. Houd rekening met de 48 uur reactietijd van de eigenaar.
- Is het dringend of last-minute, contacteer de eigenaar rechtstreeks.
- Heb je de auto toch niet nodig, annuleer je reservatie en breng de eigenaar op de hoogte.
- Lees en respecteer de afspraken in de voertuigomschrijving in Degapp.

## Voor de eigenaar

- Reserveer je eigen ritten in Degapp.
- Reageer op reservaties binnen 48 uur en laat gebruikers niet onnodig wachten.
- Een reservatie weigeren is uitzonderlijk en enkel in uiterste nood.
- Trek een goedgekeurde reservatie niet terug; zoek indien nodig zelf een alternatief in de Dégage-vloot.
- Respecteer de privacy van de ontlener: de bestemming hoeft niet meegedeeld te worden.",No,markdown,,public,,Reservation,Réservation,Reservatie,
spelregels-pdf-20260329-rijden-maar,"## For the user

- Complete the mileage sheet for each trip and enter trip details in Degapp.
- Treat every vehicle as if it were your own and return it properly.
- Only allow Dégage members to drive the car you reserved.
- Return the car as planned, so that the next reservation does not run into problems.

## For the owner

- Also complete the mileage sheet correctly for your own journeys.","## Pour l'utilisateur

- Remplissez la feuille de kilométrage pour chaque trajet et saisissez les détails du trajet dans Degapp.
- Traitez chaque véhicule comme s'il s'agissait du vôtre et restituez-le correctement.
- Autorisez uniquement les membres Dégage à conduire la voiture que vous avez réservée.
- Restituez la voiture comme prévu, afin que la prochaine réservation ne pose pas de problèmes.

## Pour le propriétaire

- Remplissez également correctement la fiche kilométrique pour vos propres déplacements.","## Voor de gebruiker

- Vul voor elke rit het kilometerblad in en voer ritdetails in Degapp in.
- Behandel elk voertuig alsof het je eigen wagen is en bezorg het netjes terug.
- Laat alleen Dégage-leden rijden met de wagen die jij reserveerde.
- Breng de auto terug zoals gepland, zodat de volgende reservatie niet in de problemen komt.

## Voor de eigenaar

- Vul ook voor je eigen ritten het kilometerblad correct in.",No,markdown,,public,,Just drive,Conduisez simplement,Rijden maar,
spelregels-pdf-20260329-tanken,"## For the user

- Fueled up? Take a fuel receipt and upload a photo to Degapp.
- Return the car with at least half a tank.
- Avoid refueling along highways where possible to keep the kilometer price low.
- If you reserve an electric car, agree with the owner how and when you charge.

## For the owner

- Park the car after your own use with at least half a tank.
- Provide practical tips about affordable fuel locations nearby.","## Pour l'utilisateur

- Plein de carburant ? Prenez un reçu de carburant et téléchargez une photo sur Degapp.
- Restituez la voiture avec au moins la moitié du réservoir.
- Évitez autant que possible de faire le plein le long des autoroutes afin de maintenir le prix au kilomètre à un niveau bas.
- Si vous réservez une voiture électrique, convenez avec le propriétaire de la manière et du moment de la recharge.

## Pour le propriétaire

- Garez la voiture après votre propre usage avec au moins la moitié d'un réservoir.
- Fournissez des conseils pratiques sur les emplacements de carburant abordables à proximité.","## Voor de gebruiker

- Getankt? Neem een tankbonnetje en laad een foto op in Degapp.
- Breng de wagen terug met minstens een halve tank.
- Vermijd tanken langs snelwegen waar mogelijk, om de kilometerprijs laag te houden.
- Reserveer je een elektrische wagen, stem met de eigenaar af hoe en wanneer je laadt.

## Voor de eigenaar

- Parkeer de auto na eigen gebruik met minstens een halve tank.
- Geef praktische tips over voordelige tanklocaties in de buurt.",No,markdown,,public,,Refuel,Ravitailler,Tanken,
spelregels-pdf-20260329-sleutelafspraak,"## For the user

- The key appointment takes place at the initiative of the user.
- Arrive on time for the appointment and respect the owner's schedule.

## For the owner

- Please state in your vehicle description how you prefer to be contacted for key appointments.
- Keep the car technically in order and the documents in the car up to date.
- For electric cars: clearly inform borrowers about charging rules and expectations.","## Pour l'utilisateur

- Le rendez-vous clé a lieu à l'initiative de l'utilisateur.
- Arriver à l'heure au rendez-vous et respecter l'horaire du propriétaire.

## Pour le propriétaire

- Veuillez indiquer dans la description de votre véhicule comment vous préférez être contacté pour les rendez-vous clés.
- Maintenir la voiture techniquement en ordre et les documents qui s'y trouvent sont à jour.
- Pour les voitures électriques : informer clairement les emprunteurs sur les règles et attentes en matière de recharge.","## Voor de gebruiker

- De sleutelafspraak gebeurt op initiatief van de gebruiker.
- Kom op tijd op de afspraak en respecteer de planning van de eigenaar.

## Voor de eigenaar

- Vermeld in je voertuigomschrijving hoe je het liefst gecontacteerd wordt voor sleutelafspraken.
- Houd de wagen technisch in orde en de documenten in de auto up-to-date.
- Bij elektrische wagens: informeer ontleners duidelijk over laadregels en verwachtingen.",No,markdown,,public,,Key appointment,Rendez-vous clé,Sleutelafspraak,
spelregels-pdf-20260329-pech,"## For the user

- In the event of a breakdown: call the owner first, who knows the car best.
- Check the car sheet in Degapp or the mileage sheet for the correct roadside assistance information.
- In the event of an emergency, breakdown assistance insurance can be used.

## For the owner

- Assist the driver with practical advice about the car.","## Pour l'utilisateur

- En cas de panne : appelez en priorité le propriétaire, qui connaît le mieux la voiture.
- Consultez la fiche de voiture à Degapp ou la fiche kilométrique pour connaître les informations d'assistance routière correctes.
- En cas d'urgence, une assurance dépannage peut être utilisée.

## Pour le propriétaire

- Assister le conducteur avec des conseils pratiques sur la voiture.","## Voor de gebruiker

- Bij pech: bel eerst de eigenaar, die kent de auto het best.
- Check de autofiche in Degapp of het kilometerblad voor de juiste pechhulpinformatie.
- In noodgevallen kan de pechverhelpingsverzekering aangesproken worden.

## Voor de eigenaar

- Sta de bestuurder bij met praktische raad over de wagen.",No,markdown,,public,,Bad luck,Malchance,Pech,
spelregels-pdf-20260329-schade,"## For the user

- Check the car for damage before departure and use the damage logbook as a reference.
- Report minor and major damage to the owner immediately.
- In the event of damage, complete a Dégage damage form.

## For the owner

- Complete and maintain the damage logbook.
- Complete the Dégage claim form together with the user.
- Do not contact the insurance company on your own initiative.","## Pour l'utilisateur

- Vérifiez l'état de la voiture avant le départ et utilisez le journal des dégâts comme référence.
- Signalez immédiatement les dommages mineurs et majeurs au propriétaire.
- En cas de sinistre, remplir un formulaire Dégage.

## Pour le propriétaire

- Remplir et tenir à jour le journal des dégâts.
- Remplissez le formulaire de réclamation Dégage avec l'utilisateur.
- Ne contactez pas la compagnie d'assurance de votre propre initiative.","## Voor de gebruiker

- Controleer de auto op schade vóór vertrek en gebruik het schadelogboek als referentie.
- Meld kleine en grote schade meteen aan de eigenaar.
- Vul bij schade een Dégage-schadeformulier in.

## Voor de eigenaar

- Vul en onderhoud het schadelogboek.
- Vul samen met de gebruiker het Dégage-schadeformulier in.
- Contacteer de verzekeringsmaatschappij niet op eigen initiatief.",No,markdown,,public,,Injury,Blessure,Schade,
spelregels-pdf-20260329-contact-bij-conflict-of-twijfel,"Can't you figure it out? Contact info@degage.be for advice. In this way, Dégage remains an accessible and respectful sharing club for everyone.",Tu n'arrives pas à comprendre ? Contactez info@degage.be pour obtenir des conseils. Dégage reste ainsi un club de partage accessible et respectueux pour tous.,Raken jullie er niet uit? Contacteer info@degage.be voor advies. Zo blijft Dégage een toegankelijke en respectvolle deelclub voor iedereen.,No,text,,public,,Contact in case of conflict or doubt,Contact en cas de conflit ou de doute,Contact bij conflict of twijfel,